schoolid,schoolname,CalendarYear,TotalJD,HispanicJD,AmIndianJD,AsianJD,BlackJD,NatHawJD,TwoorMoreJD,MinorityJD,WhiteJD,NonresalienJD,UnknownJD,MenJD,HispanicMenJD,AmIndianMenJD,AsianMenJD,BlackMenJD,NatHawMenJD,TwoorMoreMenJD,MinorityMenJD,WhiteMenJD,NonresalienMenJD,UnknownMenJD,WomenJD,HispanicWomenJD,AmIndianWomenJD,AsianWomenJD,BlackWomenJD,NatHawWomenJD,TwoorMoreWomenJD,MinorityWomenJD,WhiteWomenJD,NonresalienWomenJD,UnknownWomenJD,TotalFTJD,FTHispanicJD,FTAmIndJD,FTAsianJD,FTBlackJD,FTNatHawJD,FTTwoorMoreJD,FTMinorityJD,FTWhiteJD,FTNonresalienJD,FTUnknownJD,TotalPTJD,PTHispanicJD,PTAmIndJD,PTAsianJD,PTBlackJD,PTNatHawJD,PTTwoorMoreJD,PTMinorityJD,PTWhiteJD,PTNonresalienJD,PTUnknownJD,AGIJD,PNRJD,AmIndianAGIJD,AmIndianPNRJD,AsianAGIJD,AsianPNRJD,BlackAGIJD,BlackPNRJD,HispanicAGIJD,HispanicPNRJD,MinorityAGIJD,MinorityPNRJD,NatHawAGIJD,NatHawPNRJD,TwoorMoreAGIJD,TwoorMorePNRJD,NonresalienAGIJD,NonresalienPNRJD,UnknownAGIJD,UnknownPNRJD,WhiteAGIJD,WhitePNRJD,TotalJD1,HispanicJD1,AmIndianJD1,AsianJD1,BlackJD1,NatHawJD1,TwoorMoreJD1,MinorityJD1,WhiteJD1,NonresalienJD1,UnknownJD1,AmIndianMenJD1,AmIndianAGIJD1,AmIndianPNRJD1,AmIndianWomenJD1,AsianMenJD1,AsianAGIJD1,AsianPNRJD1,AsianWomenJD1,BlackMenJD1,BlackAGIJD1,BlackPNRJD1,BlackWomenJD1,HispanicMenJD1,HispanicAGIJD1,HispanicPNRJD1,HispanicWomenJD1,MinorityMenJD1,MinorityAGIJD1,MinorityPNRJD1,MinorityWomenJD1,NatHawMenJD1,NatHawAGIJD1,NatHawPNRJD1,NatHawWomenJD1,NonresalienMenJD1,NonresalienAGIJD1,NonresalienPNRJD1,NonresalienWomenJD1,TwoorMoreMenJD1,TwoorMoreAGIJD1,TwoorMorePNRJD1,TwoorMoreWomenJD1,UnknownMenJD1,UnknownAGIJD1,UnknownPNRJD1,UnknownWomenJD1,WhiteMenJD1,WhiteAGIJD1,WhitePNRJD1,WhiteWomenJD1,MenJD1,AGIJD1,PNRJD1,WomenJD1,TotalJD2,AmIndianJD2,AmIndianMenJD2,AmIndianAGIJD2,AmIndianPNRJD2,AmIndianWomenJD2,AsianJD2,AsianMenJD2,AsianAGIJD2,AsianPNRJD2,AsianWomenJD2,BlackJD2,BlackMenJD2,BlackAGIJD2,BlackPNRJD2,BlackWomenJD2,HispanicJD2,HispanicMenJD2,HispanicAGIJD2,HispanicPNRJD2,HispanicWomenJD2,MinorityJD2,MinorityMenJD2,MinorityAGIJD2,MinorityPNRJD2,MinorityWomenJD2,NatHawJD2,NatHawMenJD2,NatHawAGIJD2,NatHawPNRJD2,NatHawWomenJD2,NonresalienJD2,NonresalienMenJD2,NonresalienAGIJD2,NonresalienPNRJD2,NonresalienWomenJD2,TwoorMoreJD2,TwoorMoreMenJD2,TwoorMoreAGIJD2,TwoorMorePNRJD2,TwoorMoreWomenJD2,UnknownJD2,UnknownMenJD2,UnknownAGIJD2,UnknownPNRJD2,UnknownWomenJD2,WhiteJD2,WhiteMenJD2,WhiteAGIJD2,WhitePNRJD2,WhiteWomenJD2,MenJD2,AGIJD2,PNRJD2,WomenJD2,TotalJD3,AmIndianJD3,AmIndianMenJD3,AmIndianAGIJD3,AmIndianPNRJD3,AmIndianWomenJD3,AsianJD3,AsianMenJD3,AsianAGIJD3,AsianPNRJD3,AsianWomenJD3,BlackJD3,BlackMenJD3,BlackAGIJD3,BlackPNRJD3,BlackWomenJD3,HispanicJD3,HispanicMenJD3,HispanicAGIJD3,HispanicPNRJD3,HispanicWomenJD3,MinorityJD3,MinorityMenJD3,MinorityAGIJD3,MinorityPNRJD3,MinorityWomenJD3,NatHawJD3,NatHawMenJD3,NatHawAGIJD3,NatHawPNRJD3,NatHawWomenJD3,NonresalienJD3,NonresalienMenJD3,NonresalienAGIJD3,NonresalienPNRJD3,NonresalienWomenJD3,TwoorMoreJD3,TwoorMoreMenJD3,TwoorMoreAGIJD3,TwoorMorePNRJD3,TwoorMoreWomenJD3,UnknownJD3,UnknownMenJD3,UnknownAGIJD3,UnknownPNRJD3,UnknownWomenJD3,WhiteJD3,WhiteMenJD3,WhiteAGIJD3,WhitePNRJD3,WhiteWomenJD3,MenJD3,AGIJD3,PNRJD3,WomenJD3,TotalJD4,AmIndianJD4,AmIndianMenJD4,AmIndianAGIJD4,AmIndianPNRJD4,AmIndianWomenJD4,AsianJD4,AsianMenJD4,AsianAGIJD4,AsianPNRJD4,AsianWomenJD4,BlackJD4,BlackMenJD4,BlackAGIJD4,BlackPNRJD4,BlackWomenJD4,HispanicJD4,HispanicMenJD4,HispanicAGIJD4,HispanicPNRJD4,HispanicWomenJD4,MinorityJD4,MinorityMenJD4,MinorityAGIJD4,MinorityPNRJD4,MinorityWomenJD4,NatHawJD4,NatHawMenJD4,NatHawAGIJD4,NatHawPNRJD4,NatHawWomenJD4,NonresalienJD4,NonresalienMenJD4,NonresalienAGIJD4,NonresalienPNRJD4,NonresalienWomenJD4,TwoorMoreJD4,TwoorMoreMenJD4,TwoorMoreAGIJD4,TwoorMorePNRJD4,TwoorMoreWomenJD4,UnknownJD4,UnknownMenJD4,UnknownAGIJD4,UnknownPNRJD4,UnknownWomenJD4,WhiteJD4,WhiteMenJD4,WhiteAGIJD4,WhitePNRJD4,WhiteWomenJD4,MenJD4,AGIJD4,PNRJD4,WomenJD4
00100300,Faulkner University,2024,342,19,2,4,61,0,8,94,241,,7,154,8,1,3,14,0,5,31,118,,5,188,11,1,1,47,0,3,63,123,,2,,,,,,,,,,,,,,,,,,,,,,,0,0,0,0,0,0,0,0,0,0,0,0,0,0,0,0,,,0,0,0,0,159,9,0,3,34,0,6,52,103,,4,0,0,0,0,2,0,0,1,5,0,0,29,4,0,0,5,14,0,0,38,0,0,0,0,,,,,3,0,0,3,4,0,0,0,46,0,0,57,64,0,0,95,97,0,0,0,0,0,1,1,0,0,0,16,5,0,0,11,5,1,0,0,4,22,7,0,0,15,0,0,0,0,0,,,,,,0,0,0,0,0,3,1,0,0,2,72,39,0,0,33,47,0,0,50,86,2,1,0,0,1,0,0,0,0,0,11,4,0,0,7,5,3,0,0,2,20,10,0,0,10,0,0,0,0,0,,,,,,2,2,0,0,0,0,0,0,0,0,66,33,0,0,33,43,0,0,43,0,0,0,0,0,0,0,0,0,0,0,0,0,0,0,0,0,0,0,0,0,0,0,0,0,0,0,0,0,0,0,,,,,,0,0,0,0,0,0,0,0,0,0,0,0,0,0,0,0,0,0,0
00103600,Samford University,2024,446,22,0,7,42,0,10,81,339,,26,186,3,0,3,17,0,3,26,151,,9,258,18,0,4,25,0,7,54,188,,16,,,,,,,,,,,,,,,,,,,,,,,0,2,0,0,0,0,0,0,0,1,0,1,0,0,0,0,,,0,1,0,0,158,3,0,2,10,0,5,20,121,,17,0,0,0,0,1,0,0,1,4,0,0,6,0,0,0,3,7,0,0,13,0,0,0,0,,,,,2,0,0,3,6,0,0,11,55,0,0,66,68,0,0,90,145,0,0,0,0,0,2,1,0,0,1,22,9,0,0,13,10,2,0,1,7,37,13,0,1,23,0,0,0,0,0,,,,,,3,1,0,0,2,4,0,0,1,3,104,43,0,0,61,56,0,2,87,143,0,0,0,0,0,3,1,0,0,2,10,4,0,0,6,9,1,0,0,8,24,6,0,0,18,0,0,0,0,0,,,,,,2,0,0,0,2,5,3,0,0,2,114,53,0,0,61,62,0,0,81,0,0,0,0,0,0,0,0,0,0,0,0,0,0,0,0,0,0,0,0,0,0,0,0,0,0,0,0,0,0,0,,,,,,0,0,0,0,0,0,0,0,0,0,0,0,0,0,0,0,0,0,0
00105100,University of Alabama,2024,395,23,0,10,37,0,11,81,301,,13,197,11,0,5,7,0,8,31,159,,7,191,12,0,5,29,0,3,49,137,,5,,,,,,,,,,,,,,,,,,,,,,,3,4,0,0,0,0,1,0,0,0,1,0,0,0,0,0,,,0,1,2,3,117,7,0,2,13,0,1,23,88,,6,0,0,0,0,1,0,0,1,2,1,0,10,3,0,0,4,7,1,0,15,0,0,0,0,,,,,1,0,0,0,3,0,0,3,48,2,2,36,58,3,2,54,133,0,0,0,0,0,5,2,0,0,3,13,2,0,0,11,3,1,0,0,2,23,7,0,0,16,0,0,0,0,0,,,,,,2,2,0,0,0,4,2,0,1,1,106,55,0,1,50,64,0,2,67,145,0,0,0,0,0,3,2,0,0,1,11,3,0,0,8,13,7,0,0,6,35,17,0,0,18,0,0,0,0,0,,,,,,8,5,0,0,3,3,2,0,0,1,107,56,0,0,51,75,0,0,70,0,0,0,0,0,0,0,0,0,0,0,0,0,0,0,0,0,0,0,0,0,0,0,0,0,0,0,0,0,0,0,,,,,,0,0,0,0,0,0,0,0,0,0,0,0,0,0,0,0,0,0,0
00108100,Arizona State University,2024,749,108,24,67,22,3,38,262,466,,21,330,47,9,28,11,1,12,108,214,,8,415,61,15,39,11,2,26,154,251,,10,,,,,,,,,,,,,,,,,,,,,,,4,0,0,0,0,0,0,0,0,0,0,0,0,0,0,0,,,3,0,1,0,251,43,10,23,6,1,6,89,155,,7,2,0,0,8,10,0,0,13,4,0,0,2,16,0,0,27,35,0,0,54,1,0,0,0,,,,,2,0,0,4,3,1,0,3,67,0,0,88,105,1,0,145,203,10,6,0,0,4,16,6,0,0,10,5,2,0,0,3,29,12,0,0,17,71,31,0,0,40,0,0,0,0,0,,,,,,11,5,0,0,6,7,2,2,0,3,125,57,1,0,67,90,3,0,110,295,4,1,0,0,3,28,12,0,0,16,11,5,0,0,6,36,19,0,0,17,102,42,0,0,60,2,0,0,0,2,,,,,,21,5,0,0,16,7,3,0,0,4,186,90,0,0,96,135,0,0,160,0,0,0,0,0,0,0,0,0,0,0,0,0,0,0,0,0,0,0,0,0,0,0,0,0,0,0,0,0,0,0,,,,,,0,0,0,0,0,0,0,0,0,0,0,0,0,0,0,0,0,0,0
00108300,University of Arizona,2024,359,38,7,15,7,3,48,118,204,,37,130,8,1,5,2,2,14,32,83,,15,148,18,5,5,4,0,27,59,79,,10,,,,,,,,,,,,,,,,,,,,,,,0,81,0,1,0,5,0,1,0,12,0,27,0,1,0,7,,,0,12,0,42,109,18,2,4,2,1,8,35,59,,15,0,0,1,1,0,0,4,0,1,0,1,0,1,0,12,5,2,0,26,7,0,0,1,0,,,,,0,0,7,1,3,0,10,2,13,0,36,10,18,0,72,19,122,3,0,0,0,3,4,1,0,1,2,0,0,0,0,0,5,1,0,0,4,31,10,0,1,20,2,2,0,0,0,,,,,,17,6,0,0,11,16,12,0,1,3,75,37,0,5,33,59,0,7,56,128,2,1,0,0,1,7,4,0,0,3,5,1,0,0,4,15,6,0,0,9,52,20,0,0,32,0,0,0,0,0,,,,,,23,8,0,0,15,6,0,0,1,5,70,33,0,1,36,53,0,2,73,0,0,0,0,0,0,0,0,0,0,0,0,0,0,0,0,0,0,0,0,0,0,0,0,0,0,0,0,0,0,0,,,,,,0,0,0,0,0,0,0,0,0,0,0,0,0,0,0,0,0,0,0
00110101,University of Arkansas-Little Rock,2024,419,32,3,11,37,0,22,105,298,,16,174,15,1,5,12,0,8,41,124,,9,242,17,1,6,25,0,13,62,174,,6,,,,,,,,,,,,,,,,,,,,,,,0,3,0,1,0,0,0,0,0,0,0,2,0,0,0,1,,,0,1,0,0,135,8,0,6,11,0,12,37,93,,5,0,0,0,0,3,0,0,3,4,0,0,7,3,0,0,5,14,0,1,22,0,0,0,0,,,,,4,0,1,7,2,0,1,2,40,0,0,53,56,0,2,77,118,2,1,0,1,0,3,2,0,0,1,8,0,0,0,8,12,7,0,0,5,28,11,0,1,16,0,0,0,0,0,,,,,,3,1,0,0,2,5,3,0,0,2,85,31,0,0,54,45,0,1,72,143,1,0,0,0,1,2,0,0,0,2,15,8,0,0,7,11,4,0,0,7,36,15,0,0,21,0,0,0,0,0,,,,,,7,3,0,0,4,6,4,0,0,2,101,47,0,0,54,66,0,0,77,23,0,0,0,0,0,0,0,0,0,0,3,0,0,0,3,1,1,0,0,0,4,1,0,0,3,0,0,0,0,0,,,,,,0,0,0,0,0,0,0,0,0,0,19,6,0,0,13,7,0,0,16
00110800,University of Arkansas-Fayetteville,2024,368,42,6,4,17,1,16,86,273,,9,170,16,3,2,7,0,3,31,135,,4,198,26,3,2,10,1,13,55,138,,5,,,,,,,,,,,,,,,,,,,,,,,0,0,0,0,0,0,0,0,0,0,0,0,0,0,0,0,,,0,0,0,0,123,13,3,1,4,1,0,22,95,,6,1,0,0,2,0,0,0,1,3,0,0,1,5,0,0,8,9,0,0,13,0,0,0,1,,,,,0,0,0,0,1,0,0,5,52,0,0,43,62,0,0,61,128,1,0,0,0,1,3,2,0,0,1,4,0,0,0,4,16,6,0,0,10,32,9,0,0,23,0,0,0,0,0,,,,,,8,1,0,0,7,2,2,0,0,0,94,40,0,0,54,51,0,0,77,117,2,2,0,0,0,0,0,0,0,0,9,4,0,0,5,13,5,0,0,8,32,13,0,0,19,0,0,0,0,0,,,,,,8,2,0,0,6,1,1,0,0,0,84,43,0,0,41,57,0,0,60,0,0,0,0,0,0,0,0,0,0,0,0,0,0,0,0,0,0,0,0,0,0,0,0,0,0,0,0,0,0,0,,,,,,0,0,0,0,0,0,0,0,0,0,0,0,0,0,0,0,0,0,0
00116453,Chapman University,2024,404,80,0,62,26,1,25,194,174,,36,164,33,0,28,12,0,8,81,67,,16,238,46,0,34,14,1,17,112,107,,19,,,,,,,,,,,,,,,,,,,,,,,0,2,0,0,0,0,0,0,0,1,0,1,0,0,0,0,,,0,1,0,0,143,29,0,22,13,0,11,75,59,,9,0,0,0,0,11,0,0,11,3,0,0,10,12,0,1,16,29,0,1,45,0,0,0,0,,,,,3,0,0,8,3,0,0,6,20,0,0,39,52,0,1,90,126,0,0,0,0,0,18,6,0,0,12,5,4,0,0,1,24,10,0,0,14,52,23,0,0,29,0,0,0,0,0,,,,,,5,3,0,0,2,24,11,0,1,12,50,21,0,0,29,55,0,1,70,135,0,0,0,0,0,22,11,0,0,11,8,5,0,0,3,27,11,0,0,16,67,29,0,0,38,1,0,0,0,1,,,,,,9,2,0,0,7,3,2,0,0,1,65,26,0,0,39,57,0,0,78,0,0,0,0,0,0,0,0,0,0,0,0,0,0,0,0,0,0,0,0,0,0,0,0,0,0,0,0,0,0,0,,,,,,0,0,0,0,0,0,0,0,0,0,0,0,0,0,0,0,0,0,0
00129500,Southwestern Law School,2024,1006,292,1,98,44,0,54,489,495,,22,395,91,0,40,17,0,19,167,216,,12,599,200,1,56,27,0,35,319,273,,7,,,,,,,,,,,,,,,,,,,,,,,2,10,0,0,1,1,0,0,0,1,1,2,0,0,0,0,,,0,3,1,5,420,111,0,40,14,0,19,184,228,,8,0,0,0,0,19,0,0,21,6,0,0,8,27,0,1,83,63,0,1,120,0,0,0,0,,,,,11,0,0,8,3,0,3,2,100,1,5,122,166,1,9,244,296,1,0,0,0,1,34,11,1,1,21,10,1,0,0,9,85,34,0,0,51,150,52,1,1,96,0,0,0,0,0,,,,,,20,6,0,0,14,11,7,0,0,4,135,60,0,0,75,119,1,1,175,237,0,0,0,0,0,18,7,0,0,11,14,9,0,0,5,76,24,0,0,52,121,42,0,0,79,0,0,0,0,0,,,,,,13,2,0,0,11,3,2,0,0,1,113,49,0,0,64,93,0,0,144,53,0,0,0,0,0,6,3,0,0,3,6,1,0,0,5,20,6,0,0,14,34,10,0,0,24,0,0,0,0,0,,,,,,2,0,0,0,2,0,0,0,0,0,19,7,0,0,12,17,0,0,36
00130503,Stanford University,2024,565,86,7,128,49,1,49,320,233,,12,241,30,1,48,20,1,22,122,116,,3,316,56,5,79,28,0,26,194,113,,9,,,,,,,,,,,,,,,,,,,,,,,5,3,1,0,1,0,1,0,0,0,4,0,0,0,1,0,,,0,0,1,3,185,31,5,44,23,1,9,113,69,,3,1,1,0,3,17,1,0,26,8,1,0,14,9,0,0,22,39,4,0,70,1,0,0,0,,,,,3,1,0,5,2,0,0,1,40,1,0,28,81,5,0,99,182,2,0,0,0,2,49,15,0,0,34,9,5,0,0,4,28,11,0,0,17,107,42,0,0,65,0,0,0,0,0,,,,,,19,11,0,0,8,7,0,0,0,7,68,31,0,3,34,73,0,3,106,198,0,0,0,0,0,35,16,0,0,19,17,7,0,0,10,27,10,0,0,17,100,41,0,0,59,0,0,0,0,0,,,,,,21,8,0,0,13,2,1,0,0,1,96,45,0,0,51,87,0,0,111,0,0,0,0,0,0,0,0,0,0,0,0,0,0,0,0,0,0,0,0,0,0,0,0,0,0,0,0,0,0,0,,,,,,0,0,0,0,0,0,0,0,0,0,0,0,0,0,0,0,0,0,0
00131273,University of California-Berkeley,2024,1008,122,3,257,50,0,91,523,463,,22,346,31,1,76,11,0,30,149,191,,6,607,87,2,167,39,0,56,351,242,,14,,,,,,,,,,,,,,,,,,,,,,,32,23,0,0,7,7,0,0,3,1,13,10,0,0,3,2,,,0,2,19,11,350,41,0,83,21,0,30,175,167,,8,0,0,0,0,27,3,3,50,6,0,0,15,11,1,1,28,52,6,6,111,0,0,0,0,,,,,8,2,2,18,2,0,1,5,62,9,7,89,116,15,14,205,370,3,1,0,0,2,100,34,2,4,60,14,1,0,0,13,45,13,1,0,31,200,61,4,4,131,0,0,0,0,0,,,,,,38,12,1,0,25,8,1,0,1,6,162,65,7,3,87,127,11,8,224,288,0,0,0,0,0,74,15,2,0,57,15,4,0,0,11,36,7,1,0,28,148,36,3,0,109,0,0,0,0,0,,,,,,23,10,0,0,13,6,3,0,0,3,134,64,3,1,66,103,6,1,178,0,0,0,0,0,0,0,0,0,0,0,0,0,0,0,0,0,0,0,0,0,0,0,0,0,0,0,0,0,0,0,,,,,,0,0,0,0,0,0,0,0,0,0,0,0,0,0,0,0,0,0,0
00131373,University of California-Davis,2024,605,120,5,139,29,0,56,349,249,,7,248,61,2,49,7,0,11,130,113,,5,345,57,3,86,22,0,44,212,132,,1,,,,,,,,,,,,,,,,,,,,,,,10,2,0,0,4,0,0,0,1,1,6,1,0,0,1,0,,,1,0,3,1,198,53,2,40,16,0,19,130,67,,1,2,0,0,0,15,0,0,25,5,0,0,11,34,1,0,18,58,1,0,71,0,0,0,0,,,,,2,0,0,17,1,0,0,0,31,0,1,35,90,1,1,106,201,2,0,0,0,2,42,13,2,0,27,11,2,0,0,9,37,15,0,1,21,107,34,2,1,70,0,0,0,0,0,,,,,,15,4,0,0,11,4,3,0,0,1,90,36,2,0,52,73,4,1,123,206,1,0,0,0,1,57,21,2,0,34,2,0,0,0,2,30,12,0,0,18,112,38,3,0,71,0,0,0,0,0,,,,,,22,5,1,0,16,2,1,1,0,0,92,46,1,0,45,85,5,0,116,0,0,0,0,0,0,0,0,0,0,0,0,0,0,0,0,0,0,0,0,0,0,0,0,0,0,0,0,0,0,0,,,,,,0,0,0,0,0,0,0,0,0,0,0,0,0,0,0,0,0,0,0
00131400,University of California-Irvine,2024,473,77,1,136,18,0,33,265,199,,9,202,30,0,53,8,0,16,107,91,,4,240,43,1,73,9,0,14,140,97,,3,,,,,,,,,,,,,,,,,,,,,,,10,21,0,0,3,7,0,1,2,2,6,12,0,0,1,2,,,1,1,3,8,173,25,1,58,5,0,13,102,68,,3,0,0,0,1,20,3,5,30,1,0,1,3,7,0,1,17,34,3,8,57,0,0,0,0,,,,,6,0,1,6,1,1,1,0,30,1,5,32,65,5,14,89,142,0,0,0,0,0,38,17,0,1,20,4,3,0,0,1,23,11,2,0,10,73,34,3,2,34,0,0,0,0,0,,,,,,8,3,1,1,3,3,0,0,0,3,66,30,1,2,33,64,4,4,70,158,0,0,0,0,0,40,16,0,1,23,9,4,0,0,5,29,12,0,1,16,90,39,0,2,49,0,0,0,0,0,,,,,,12,7,0,0,5,3,3,0,0,0,65,31,1,1,32,73,1,3,81,0,0,0,0,0,0,0,0,0,0,0,0,0,0,0,0,0,0,0,0,0,0,0,0,0,0,0,0,0,0,0,,,,,,0,0,0,0,0,0,0,0,0,0,0,0,0,0,0,0,0,0,0
00131500,University of California-Los Angeles,2024,994,190,8,145,65,0,69,477,475,,42,410,80,3,49,19,0,26,177,211,,22,573,110,5,94,45,0,43,297,259,,17,,,,,,,,,,,,,,,,,,,,,,,8,3,0,0,2,0,1,0,0,0,3,0,0,0,0,0,,,0,3,5,0,315,59,4,51,22,0,20,156,144,,15,1,0,0,3,13,0,0,38,6,0,0,16,32,0,0,27,59,0,0,97,0,0,0,0,,,,,7,0,0,13,9,0,1,5,74,1,0,69,142,1,1,171,335,2,0,0,0,2,53,18,1,0,34,28,8,0,0,20,57,22,0,0,35,162,55,1,0,106,0,0,0,0,0,,,,,,22,7,0,0,15,11,6,0,0,5,162,68,1,0,93,129,2,0,204,344,2,2,0,0,0,41,18,1,0,22,15,5,1,0,9,74,26,0,0,48,159,63,2,0,94,0,0,0,0,0,,,,,,27,12,0,0,15,16,7,0,2,7,169,69,3,0,97,139,5,2,198,0,0,0,0,0,0,0,0,0,0,0,0,0,0,0,0,0,0,0,0,0,0,0,0,0,0,0,0,0,0,0,,,,,,0,0,0,0,0,0,0,0,0,0,0,0,0,0,0,0,0,0,0
00132500,University of San Francisco,2024,460,131,1,64,40,0,37,273,177,,10,176,46,1,17,16,0,13,93,78,,5,281,84,0,46,24,0,24,178,98,,5,,,,,,,,,,,,,,,,,,,,,,,2,1,0,0,1,0,0,0,1,0,2,0,0,0,0,0,,,0,0,0,1,168,45,0,28,16,0,12,101,64,,3,0,0,0,0,7,1,0,20,6,0,0,10,19,0,0,26,37,1,0,63,0,0,0,0,,,,,5,0,0,7,2,0,0,1,31,0,0,33,70,1,0,97,156,1,1,0,0,0,16,5,0,0,11,13,6,0,0,7,51,14,0,0,37,95,31,0,0,64,0,0,0,0,0,,,,,,14,5,0,0,9,5,1,0,0,4,56,25,0,0,31,57,0,0,99,126,0,0,0,0,0,19,5,0,0,14,11,4,0,0,7,32,13,1,0,18,73,25,1,0,47,0,0,0,0,0,,,,,,11,3,0,0,8,1,1,0,0,0,52,21,0,0,31,47,1,0,78,10,0,0,0,0,0,1,0,0,0,1,0,0,0,0,0,3,0,0,0,3,4,0,0,0,4,0,0,0,0,0,,,,,,0,0,0,0,0,1,1,0,0,0,5,1,0,1,3,2,0,1,7
00132600,Santa Clara University,2024,694,153,0,165,20,2,40,380,289,,25,286,60,0,59,9,0,15,143,132,,11,404,93,0,106,11,2,24,236,155,,13,,,,,,,,,,,,,,,,,,,,,,,4,0,0,0,0,0,0,0,0,0,1,0,0,0,1,0,,,1,0,2,0,252,47,0,66,6,0,18,137,102,,13,0,0,0,0,21,0,0,45,2,0,0,4,17,0,0,30,45,1,0,91,0,0,0,0,,,,,5,1,0,12,5,1,0,7,45,2,0,55,95,4,0,153,262,0,0,0,0,0,55,17,0,0,38,6,3,0,0,3,64,24,0,0,40,142,50,0,0,92,1,0,0,0,1,,,,,,16,6,0,0,10,8,4,0,0,4,112,49,0,0,63,103,0,0,159,159,0,0,0,0,0,41,19,0,0,22,7,4,0,0,3,35,16,0,0,19,90,43,0,0,47,1,0,0,0,1,,,,,,6,4,0,0,2,4,2,0,0,2,65,35,0,0,30,80,0,0,79,21,0,0,0,0,0,3,2,0,0,1,1,0,0,0,1,7,3,0,0,4,11,5,0,0,6,0,0,0,0,0,,,,,,0,0,0,0,0,0,0,0,0,0,10,3,0,0,7,8,0,0,13
00132800,University of Southern California,2024,635,59,0,152,52,1,60,324,277,,34,242,23,0,46,18,1,17,105,124,,13,391,36,0,105,34,0,43,218,152,,21,,,,,,,,,,,,,,,,,,,,,,,2,0,0,0,1,0,0,0,0,0,1,0,0,0,0,0,,,0,0,1,0,201,7,0,53,20,0,31,111,82,,8,0,0,0,0,19,0,0,34,5,0,0,15,1,0,0,6,35,0,0,76,0,0,0,0,,,,,10,0,0,21,5,0,0,3,40,1,0,41,80,1,0,120,204,0,0,0,0,0,50,16,0,0,34,16,6,0,0,10,29,15,0,0,14,109,42,0,0,67,1,1,0,0,0,,,,,,13,4,0,0,9,17,7,0,0,10,78,37,0,0,41,86,0,0,118,230,0,0,0,0,0,49,11,1,0,37,16,7,0,0,9,23,7,0,0,16,104,28,1,0,75,0,0,0,0,0,,,,,,16,3,0,0,13,9,1,0,0,8,117,47,0,0,70,76,1,0,153,0,0,0,0,0,0,0,0,0,0,0,0,0,0,0,0,0,0,0,0,0,0,0,0,0,0,0,0,0,0,0,,,,,,0,0,0,0,0,0,0,0,0,0,0,0,0,0,0,0,0,0,0
00132901,McGeorge School of Law,2024,577,154,3,89,26,0,40,312,242,,23,213,45,1,26,8,0,15,95,109,,9,340,103,2,58,16,0,24,203,125,,12,,,,,,,,,,,,,,,,,,,,,,,0,24,0,0,0,5,0,2,0,6,0,14,0,0,0,1,,,0,2,0,8,217,53,1,42,15,0,11,122,84,,11,0,0,0,1,14,0,2,26,3,0,1,11,10,0,1,42,31,0,4,87,0,0,0,0,,,,,4,0,0,7,4,0,1,6,35,0,5,44,70,0,10,137,187,2,1,0,0,1,25,7,0,1,17,8,2,0,1,5,46,13,0,3,30,100,29,0,6,65,0,0,0,0,0,,,,,,19,6,0,1,12,9,4,0,1,4,78,36,0,2,40,69,0,9,109,150,0,0,0,0,0,20,4,0,2,14,3,3,0,0,0,50,21,0,2,27,82,33,0,4,45,0,0,0,0,0,,,,,,9,5,0,0,4,2,0,0,0,2,66,29,0,1,36,62,0,5,83,23,0,0,0,0,0,2,1,0,0,1,0,0,0,0,0,5,1,0,0,4,8,2,0,0,6,0,0,0,0,0,,,,,,1,0,0,0,1,1,1,0,0,0,14,9,0,0,5,12,0,0,11
00137000,University of Colorado,2024,511,84,3,23,9,1,32,152,352,,7,206,28,2,10,5,0,9,54,148,,4,295,54,1,12,4,1,22,94,198,,3,,,,,,,,,,,,,,,,,,,,,,,10,0,0,0,1,0,0,0,2,0,4,0,0,0,1,0,,,0,0,6,0,189,23,1,5,4,1,7,41,145,,3,1,0,0,0,1,0,0,4,2,0,0,2,9,2,0,12,14,2,0,25,0,0,0,1,,,,,1,0,0,6,2,0,0,1,60,1,0,84,76,3,0,110,167,1,0,0,0,1,9,2,1,0,6,2,1,0,0,1,34,11,0,0,23,59,18,1,0,40,0,0,0,0,0,,,,,,13,4,0,0,9,1,0,0,0,1,107,45,3,0,59,63,4,0,100,155,1,1,0,0,0,9,7,0,0,2,3,2,0,0,1,27,8,0,0,19,52,22,1,0,29,0,0,0,0,0,,,,,,12,4,1,0,7,3,2,0,0,1,100,43,2,0,55,67,3,0,85,0,0,0,0,0,0,0,0,0,0,0,0,0,0,0,0,0,0,0,0,0,0,0,0,0,0,0,0,0,0,0,,,,,,0,0,0,0,0,0,0,0,0,0,0,0,0,0,0,0,0,0,0
00137100,University of Denver,2024,864,96,4,43,18,1,45,207,627,,30,306,28,2,12,4,1,17,64,235,,7,503,66,2,27,14,0,26,135,348,,20,,,,,,,,,,,,,,,,,,,,,,,11,44,0,0,1,3,0,0,0,2,1,7,0,0,0,2,,,0,3,10,34,271,32,1,14,10,0,15,72,191,,8,1,0,0,0,4,0,1,9,0,0,0,10,9,0,0,23,19,0,1,52,0,0,0,0,,,,,5,0,0,10,1,0,0,7,77,5,3,106,97,5,4,165,264,0,0,0,0,0,8,3,0,2,3,4,2,0,0,2,27,7,0,2,18,52,19,0,6,27,0,0,0,0,0,,,,,,13,7,0,2,4,11,2,0,3,6,201,69,1,26,105,90,1,35,138,278,3,1,0,0,2,20,5,1,0,14,3,2,0,0,1,32,12,0,0,20,75,26,1,0,48,1,0,0,0,0,,,,,,16,5,0,0,11,7,3,0,0,4,196,73,4,5,114,102,5,5,166,51,0,0,0,0,0,1,0,0,0,1,1,0,0,0,1,5,0,0,0,5,8,0,0,0,8,0,1,0,0,0,,,,,,1,0,0,0,1,4,1,0,0,3,39,16,0,0,23,17,0,0,34
00140201,Quinnipiac University,2024,389,62,0,16,18,0,11,107,259,,23,150,16,0,6,6,0,2,30,109,,11,239,46,0,10,12,0,9,77,150,,12,,,,,,,,,,,,,,,,,,,,,,,0,0,0,0,0,0,0,0,0,0,0,0,0,0,0,0,,,0,0,0,0,146,25,0,5,9,0,5,44,90,,12,0,0,0,0,3,0,0,2,4,0,0,5,5,0,0,20,12,0,0,32,0,0,0,0,,,,,0,0,0,5,5,0,0,7,35,0,0,55,52,0,0,94,107,0,0,0,0,0,5,0,0,0,5,4,0,0,0,4,19,7,0,0,12,31,8,0,0,23,0,0,0,0,0,,,,,,3,1,0,0,2,4,4,0,0,0,72,33,0,0,39,45,0,0,62,119,0,0,0,0,0,6,3,0,0,3,4,2,0,0,2,13,4,0,0,9,26,10,0,0,16,0,0,0,0,0,,,,,,3,1,0,0,2,6,2,0,0,4,87,37,0,0,50,49,0,0,70,17,0,0,0,0,0,0,0,0,0,0,1,0,0,0,1,5,0,0,0,5,6,0,0,0,6,0,0,0,0,0,,,,,,0,0,0,0,0,1,0,0,0,1,10,4,0,0,6,4,0,0,13
00141706,University of Connecticut,2024,471,56,2,36,37,0,7,138,310,,23,187,18,1,10,16,0,1,46,134,,7,281,37,1,26,20,0,6,90,175,,16,,,,,,,,,,,,,,,,,,,,,,,3,0,0,0,0,0,1,0,1,0,2,0,0,0,0,0,,,0,0,1,0,148,19,1,13,8,0,4,45,99,,4,1,0,0,0,4,0,0,9,4,1,0,3,8,0,0,11,18,1,0,26,0,0,0,0,,,,,1,0,0,3,3,0,0,1,42,1,0,56,63,2,0,83,148,0,0,0,0,0,10,1,0,0,9,14,6,0,0,8,22,5,1,0,16,47,12,1,0,34,0,0,0,0,0,,,,,,1,0,0,0,1,6,2,0,0,4,95,45,0,0,50,59,1,0,88,154,0,0,0,0,0,11,4,0,0,7,14,6,0,0,8,11,3,0,0,8,38,13,0,0,25,0,0,0,0,0,,,,,,2,0,0,0,2,12,2,0,0,10,104,43,0,0,61,58,0,0,96,21,1,0,0,0,1,2,1,0,0,1,1,0,0,0,1,4,2,0,0,2,8,3,0,0,5,0,0,0,0,0,,,,,,0,0,0,0,0,1,0,0,0,1,12,4,0,0,8,7,0,0,14
00142600,Yale University,2024,615,96,5,115,70,0,45,331,280,,4,281,49,2,46,24,0,19,140,138,,3,327,46,3,67,46,0,26,188,138,,1,,,,,,,,,,,,,,,,,,,,,,,7,0,0,0,2,0,0,0,1,0,3,0,0,0,0,0,,,0,0,4,0,205,27,0,34,25,0,16,102,101,,2,0,0,0,0,12,0,0,22,7,0,0,18,14,0,0,13,40,0,0,62,0,0,0,0,,,,,7,0,0,9,1,0,0,1,48,0,0,53,89,0,0,116,203,1,0,0,0,1,40,15,0,0,25,23,9,0,0,14,37,21,0,0,16,113,50,0,0,63,0,0,0,0,0,,,,,,12,5,0,0,7,1,1,0,0,0,89,43,3,0,43,94,3,0,106,207,4,2,0,0,2,41,19,2,0,20,22,8,0,0,14,32,14,1,0,17,116,50,3,0,63,0,0,0,0,0,,,,,,17,7,0,0,10,1,1,0,0,0,90,47,1,0,42,98,4,0,105,0,0,0,0,0,0,0,0,0,0,0,0,0,0,0,0,0,0,0,0,0,0,0,0,0,0,0,0,0,0,0,,,,,,0,0,0,0,0,0,0,0,0,0,0,0,0,0,0,0,0,0,0
00143401,American University,2024,1230,177,0,125,78,0,64,444,730,,56,422,60,0,33,13,0,17,123,276,,23,806,117,0,92,65,0,47,321,452,,33,,,,,,,,,,,,,,,,,,,,,,,2,0,0,0,0,0,0,0,0,0,0,0,0,0,0,0,,,0,0,2,0,416,60,0,42,30,0,28,160,238,,18,0,0,0,0,9,0,0,33,7,0,0,23,19,0,0,41,42,0,0,118,0,0,0,0,,,,,7,0,0,21,7,0,0,11,83,2,0,153,132,2,0,282,377,0,0,0,0,0,49,16,0,0,33,23,3,0,0,20,61,21,0,0,40,144,44,0,0,100,0,0,0,0,0,,,,,,11,4,0,0,7,19,6,0,0,13,214,89,0,0,125,139,0,0,238,376,0,0,0,0,0,28,5,0,0,23,25,3,0,0,22,52,18,0,0,34,129,32,0,0,97,0,0,0,0,0,,,,,,24,6,0,0,18,14,7,0,0,7,233,83,0,0,150,122,0,0,254,61,0,0,0,0,0,6,3,0,0,3,0,0,0,0,0,4,2,0,0,2,11,5,0,0,6,0,0,0,0,0,,,,,,1,0,0,0,1,5,3,0,0,2,45,21,0,0,24,29,0,0,32
00143711,Catholic University of America,2024,374,36,0,18,18,0,21,93,256,,25,173,16,0,7,6,0,11,40,117,,16,194,20,0,11,12,0,9,52,135,,7,,,,,,,,,,,,,,,,,,,,,,,0,7,0,0,0,0,0,0,0,0,0,1,0,0,0,1,,,0,2,0,4,126,19,0,7,7,0,4,37,75,,14,0,0,0,0,2,0,0,5,2,0,0,5,10,0,0,9,17,0,0,20,0,0,0,0,,,,,3,0,0,1,8,0,2,4,39,0,3,33,64,0,5,57,104,0,0,0,0,0,6,3,0,0,3,4,2,0,0,2,12,5,0,0,7,25,12,0,1,12,0,0,0,0,0,,,,,,3,2,0,1,0,4,2,0,0,2,75,35,0,1,39,49,0,2,53,116,0,0,0,0,0,5,2,0,0,3,5,2,0,0,3,4,0,0,0,4,25,8,0,0,17,0,0,0,0,0,,,,,,11,4,0,0,7,5,4,0,0,1,86,34,0,0,52,46,0,0,70,28,0,0,0,0,0,0,0,0,0,0,2,0,0,0,2,1,1,0,0,0,6,3,0,0,3,0,0,0,0,0,,,,,,3,2,0,0,1,2,2,0,0,0,20,9,0,0,11,14,0,0,14
00144102,District of Columbia,2024,235,36,0,10,106,0,17,169,62,,4,78,9,0,3,37,0,5,54,23,,1,154,26,0,7,68,0,12,113,39,,2,,,,,,,,,,,,,,,,,,,,,,,2,1,0,0,0,0,1,0,0,1,1,1,0,0,0,0,,,1,0,0,0,70,9,0,6,38,0,1,54,13,,3,0,0,0,0,2,0,0,4,17,1,0,20,1,0,1,7,21,1,1,31,0,0,0,0,,,,,1,0,0,0,0,1,0,2,6,0,0,7,27,2,1,40,75,0,0,0,0,0,2,0,0,0,2,27,9,0,0,18,12,3,0,0,9,50,16,0,0,34,0,0,0,0,0,,,,,,9,4,0,0,5,1,1,0,0,0,24,8,0,0,16,25,0,0,50,69,0,0,0,0,0,1,0,0,0,1,33,8,0,0,25,9,3,0,0,6,48,11,0,0,37,0,0,0,0,0,,,,,,5,0,0,0,5,0,0,0,0,0,21,8,0,0,13,19,0,0,50,21,0,0,0,0,0,1,1,0,0,0,8,3,0,0,5,6,2,0,0,4,17,6,0,0,11,0,0,0,0,0,,,,,,2,0,0,0,2,0,0,0,0,0,4,1,0,0,3,7,0,0,14
00144402,George Washington University,2024,1677,108,3,188,133,0,70,502,918,,257,714,38,1,80,38,0,33,190,430,,94,948,70,2,107,94,0,37,310,482,,156,,,,,,,,,,,,,,,,,,,,,,,5,10,0,0,0,1,0,1,0,0,0,2,0,0,0,0,,,3,4,2,4,540,40,0,65,41,0,21,167,302,,71,0,0,0,0,23,0,1,41,7,0,0,34,13,0,0,27,49,0,1,117,0,0,0,0,,,,,6,0,0,15,28,0,2,41,122,0,4,176,199,0,7,334,567,0,0,0,0,0,58,24,0,0,34,54,18,0,1,35,49,16,0,0,33,194,79,0,1,114,0,0,0,0,0,,,,,,33,21,0,0,12,89,31,1,1,56,284,151,1,0,132,261,2,2,302,557,3,1,0,0,2,65,33,0,0,32,36,13,0,0,23,18,9,0,0,9,138,62,0,0,76,0,0,0,0,0,,,,,,16,6,0,0,10,95,34,2,1,58,324,152,1,0,171,248,3,1,305,13,0,0,0,0,0,0,0,0,0,0,2,0,0,0,2,1,0,0,0,1,3,0,0,0,3,0,0,0,0,0,,,,,,0,0,0,0,0,2,1,0,0,1,8,5,0,0,3,6,0,0,7
00144503,Georgetown University,2024,2176,142,6,310,153,1,83,695,1209,,272,952,62,3,133,50,0,23,271,545,,136,1210,77,3,175,103,1,60,419,658,,133,,,,,,,,,,,,,,,,,,,,,,,0,14,0,0,0,2,0,0,0,3,0,5,0,0,0,0,,,0,3,0,6,656,44,1,114,30,1,21,211,360,,85,0,0,0,1,46,0,2,66,8,0,0,22,21,0,3,20,79,0,5,127,0,0,0,1,,,,,4,0,0,17,39,0,1,45,151,0,5,204,269,0,11,376,708,2,1,0,0,1,100,49,0,0,51,48,15,0,0,33,45,16,0,0,29,222,88,0,0,134,0,0,0,0,0,,,,,,27,7,0,0,20,106,61,0,1,44,380,166,0,0,214,315,0,1,392,759,3,2,0,0,1,91,35,0,0,56,65,22,0,0,43,48,22,0,0,26,241,93,0,0,148,0,0,0,0,0,,,,,,34,12,0,0,22,77,34,0,0,43,441,214,0,1,226,341,0,1,417,53,0,0,0,0,0,5,3,0,0,2,10,5,0,0,5,5,3,0,0,2,21,11,0,0,10,0,0,0,0,0,,,,,,1,0,0,0,1,4,2,0,1,1,28,14,0,0,14,27,0,1,25
00144802,Howard University,2024,526,20,0,6,423,0,64,513,6,,7,199,8,0,1,160,0,24,193,2,,4,318,11,0,5,257,0,40,313,2,,3,,,,,,,,,,,,,,,,,,,,,,,9,0,0,0,0,0,6,0,1,0,7,0,0,0,0,0,,,0,0,2,0,201,18,0,6,159,0,7,190,5,,6,0,0,0,0,1,0,0,5,45,5,0,109,7,1,0,10,54,6,0,130,0,0,0,0,,,,,1,0,0,6,3,0,0,3,2,2,0,1,59,8,0,134,180,0,0,0,0,0,0,0,0,0,0,151,69,1,0,81,0,0,0,0,0,180,79,1,0,100,0,0,0,0,0,,,,,,29,10,0,0,19,0,0,0,0,0,0,0,0,0,0,79,1,0,100,145,0,0,0,0,0,0,0,0,0,0,113,46,0,0,67,2,1,0,0,1,143,60,0,0,83,0,0,0,0,0,,,,,,28,13,0,0,15,1,1,0,0,0,1,0,0,0,1,61,0,0,84,0,0,0,0,0,0,0,0,0,0,0,0,0,0,0,0,0,0,0,0,0,0,0,0,0,0,0,0,0,0,0,,,,,,0,0,0,0,0,0,0,0,0,0,0,0,0,0,0,0,0,0,0
00146601,Barry University,2024,739,232,0,29,92,1,29,383,333,,23,295,86,0,10,31,1,12,140,142,,13,444,146,0,19,61,0,17,243,191,,10,,,,,,,,,,,,,,,,,,,,,,,0,0,0,0,0,0,0,0,0,0,0,0,0,0,0,0,,,0,0,0,0,246,72,0,10,28,0,8,118,121,,7,0,0,0,0,3,0,0,7,12,0,0,16,23,0,0,49,42,0,0,76,0,0,0,0,,,,,4,0,0,4,5,0,0,2,46,0,0,75,93,0,0,153,199,0,0,0,0,0,8,1,0,0,7,22,6,0,0,16,66,34,0,0,32,108,45,0,0,63,0,0,0,0,0,,,,,,12,4,0,0,8,10,7,0,0,3,81,38,0,0,43,90,0,0,109,189,0,0,0,0,0,8,5,0,0,3,19,6,0,0,13,62,15,0,0,47,93,27,0,0,66,0,1,0,0,0,,,,,,4,1,0,0,3,4,0,0,0,4,92,40,0,0,52,67,0,0,122,105,0,0,0,0,0,3,1,0,0,2,23,7,0,0,16,32,14,0,0,18,64,26,0,0,38,1,0,0,0,0,,,,,,5,3,0,0,2,2,1,0,0,1,39,18,0,0,21,45,0,0,60
00146800,St. Thomas University (Florida),2024,820,503,1,9,45,0,82,640,154,,26,345,200,0,3,22,0,30,255,77,,13,474,303,1,6,23,0,52,385,76,,13,,,,,,,,,,,,,,,,,,,,,,,1,0,0,0,0,0,0,0,0,0,0,0,0,0,0,0,,,0,0,1,0,416,207,0,5,29,0,70,311,79,,26,0,0,0,0,2,0,0,3,13,0,0,16,84,0,0,123,123,0,0,188,0,0,0,0,,,,,24,0,0,46,13,0,0,13,40,1,0,38,176,1,0,239,219,1,0,0,0,1,3,1,0,0,2,11,7,0,0,4,155,48,0,0,107,176,60,0,0,116,0,0,0,0,0,,,,,,6,4,0,0,2,0,0,0,0,0,43,21,0,0,22,81,0,0,138,185,0,0,0,0,0,1,0,0,0,1,5,2,0,0,3,141,68,0,0,73,153,72,0,0,81,0,0,0,0,0,,,,,,6,2,0,0,4,0,0,0,0,0,32,16,0,0,16,88,0,0,97,0,0,0,0,0,0,0,0,0,0,0,0,0,0,0,0,0,0,0,0,0,0,0,0,0,0,0,0,0,0,0,,,,,,0,0,0,0,0,0,0,0,0,0,0,0,0,0,0,0,0,0,0
00148001,Florida A&M University,2024,335,78,0,16,153,0,0,247,83,,5,112,27,0,7,33,0,0,67,40,,5,223,51,0,9,120,0,0,180,43,,0,,,,,,,,,,,,,,,,,,,,,,,0,0,0,0,0,0,0,0,0,0,0,0,0,0,0,0,,,0,0,0,0,111,28,0,4,60,0,0,92,15,,4,0,0,0,0,1,0,0,3,16,0,0,44,9,0,0,19,26,0,0,66,0,0,0,0,,,,,0,0,0,0,4,0,0,0,10,0,0,5,40,0,0,71,105,0,0,0,0,0,7,3,0,0,4,44,7,0,0,37,24,9,0,0,15,75,19,0,0,56,0,0,0,0,0,,,,,,0,0,0,0,0,0,0,0,0,0,30,15,0,0,15,34,0,0,71,105,0,0,0,0,0,4,2,0,0,2,45,9,0,0,36,23,7,0,0,16,72,18,0,0,54,0,0,0,0,0,,,,,,0,0,0,0,0,1,1,0,0,0,32,15,0,0,17,34,0,0,71,14,0,0,0,0,0,1,1,0,0,0,4,1,0,0,3,3,2,0,0,1,8,4,0,0,4,0,0,0,0,0,,,,,,0,0,0,0,0,0,0,0,0,0,6,0,0,0,6,4,0,0,10
00148900,Florida State University,2024,418,71,0,22,21,1,17,132,271,,15,207,36,0,7,7,0,10,60,141,,6,211,35,0,15,14,1,7,72,130,,9,,,,,,,,,,,,,,,,,,,,,,,0,0,0,0,0,0,0,0,0,0,0,0,0,0,0,0,,,0,0,0,0,138,20,0,7,6,1,3,37,96,,5,0,0,0,0,3,0,0,4,2,0,0,4,12,0,0,8,19,0,0,18,0,0,0,1,,,,,2,0,0,1,2,0,0,3,49,0,0,47,70,0,0,68,145,0,0,0,0,0,9,2,0,0,7,7,3,0,0,4,23,11,0,0,12,48,20,0,0,28,0,0,0,0,0,,,,,,9,4,0,0,5,6,1,0,0,5,91,47,0,0,44,68,0,0,77,135,0,0,0,0,0,6,2,0,0,4,8,2,0,0,6,28,13,0,0,15,47,21,0,0,26,0,0,0,0,0,,,,,,5,4,0,0,1,4,3,0,0,1,84,45,0,0,39,69,0,0,66,0,0,0,0,0,0,0,0,0,0,0,0,0,0,0,0,0,0,0,0,0,0,0,0,0,0,0,0,0,0,0,,,,,,0,0,0,0,0,0,0,0,0,0,0,0,0,0,0,0,0,0,0
00149500,Jacksonville University,2024,79,14,0,2,2,0,1,19,54,,6,38,4,0,2,0,0,1,7,29,,2,41,10,0,0,2,0,0,12,25,,4,,,,,,,,,,,,,,,,,,,,,,,0,0,0,0,0,0,0,0,0,0,0,0,0,0,0,0,,,0,0,0,0,44,9,0,2,1,0,1,13,30,,1,0,0,0,0,2,0,0,0,0,0,0,1,3,0,0,6,6,0,0,7,0,0,0,0,,,,,1,0,0,0,0,0,0,1,14,0,0,16,20,0,0,24,21,0,0,0,0,0,0,0,0,0,0,0,0,0,0,0,3,0,0,0,3,3,0,0,0,3,0,0,0,0,0,,,,,,0,0,0,0,0,5,2,0,0,3,13,9,0,0,4,11,0,0,10,14,0,0,0,0,0,0,0,0,0,0,1,0,0,0,1,2,1,0,0,1,3,1,0,0,2,0,0,0,0,0,,,,,,0,0,0,0,0,0,0,0,0,0,11,6,0,0,5,7,0,0,7,0,0,0,0,0,0,0,0,0,0,0,0,0,0,0,0,0,0,0,0,0,0,0,0,0,0,0,0,0,0,0,,,,,,0,0,0,0,0,0,0,0,0,0,0,0,0,0,0,0,0,0,0
00150900,Nova Southeastern University,2024,620,233,1,21,37,0,14,306,278,,36,238,85,1,4,9,0,1,100,121,,17,367,142,0,17,27,0,13,199,151,,17,,,,,,,,,,,,,,,,,,,,,,,15,0,0,0,0,0,1,0,6,0,7,0,0,0,0,0,,,2,0,6,0,215,73,1,6,10,0,5,95,102,,18,1,0,0,0,0,0,0,6,0,1,0,9,26,6,0,41,27,7,0,61,0,0,0,0,,,,,0,0,0,5,8,1,0,9,48,6,0,48,83,14,0,118,191,0,0,0,0,0,8,3,0,0,5,13,7,0,0,6,78,32,0,0,46,104,42,0,0,62,0,0,0,0,0,,,,,,5,0,0,0,5,14,8,1,0,5,73,30,0,0,43,80,1,0,110,190,0,0,0,0,0,7,1,0,0,6,10,1,0,0,9,72,24,0,0,48,93,27,0,0,66,0,0,0,0,0,,,,,,4,1,0,0,3,4,1,0,0,3,93,38,0,0,55,66,0,0,124,24,0,0,0,0,0,0,0,0,0,0,4,1,0,0,3,10,3,0,0,7,14,4,0,0,10,0,0,0,0,0,,,,,,0,0,0,0,0,0,0,0,0,0,10,5,0,0,5,9,0,0,15
00153101,Stetson University,2024,971,166,7,34,35,0,16,258,671,,42,412,71,2,14,13,0,7,107,281,,24,552,95,5,19,22,0,9,150,385,,17,,,,,,,,,,,,,,,,,,,,,,,1,6,0,0,1,0,0,0,0,0,1,0,0,0,0,0,,,0,1,0,5,345,65,1,10,8,0,14,98,225,,22,0,0,0,1,3,1,0,6,5,0,0,3,22,0,0,43,35,1,0,62,0,0,0,0,,,,,5,0,0,9,11,0,1,10,97,0,4,124,143,1,5,196,301,1,0,0,0,1,11,4,0,0,7,13,4,0,0,9,44,18,0,0,26,70,27,0,0,43,0,0,0,0,0,,,,,,1,1,0,0,0,9,5,0,0,4,222,84,0,1,137,116,0,1,184,291,5,2,0,0,3,10,4,0,0,6,11,2,0,0,9,54,29,0,0,25,81,38,0,0,43,0,0,0,0,0,,,,,,1,1,0,0,0,11,8,0,0,3,199,94,0,0,105,140,0,0,151,34,0,0,0,0,0,3,3,0,0,0,3,2,0,0,1,3,2,0,0,1,9,7,0,0,2,0,0,0,0,0,,,,,,0,0,0,0,0,0,0,0,0,0,25,6,0,0,19,13,0,0,21
00153505,University of Florida,2024,631,104,0,48,54,1,16,223,377,,31,325,48,0,22,21,0,9,100,204,,21,306,56,0,26,33,1,7,123,173,,10,,,,,,,,,,,,,,,,,,,,,,,0,0,0,0,0,0,0,0,0,0,0,0,0,0,0,0,,,0,0,0,0,211,48,0,10,20,1,6,85,113,,13,0,0,0,0,7,0,0,3,7,0,0,13,24,0,0,24,41,0,0,44,0,0,0,1,,,,,3,0,0,3,10,0,0,3,66,0,0,47,117,0,0,94,197,0,0,0,0,0,22,8,0,0,14,14,6,0,0,8,26,10,0,0,16,66,25,0,0,41,0,0,0,0,0,,,,,,4,1,0,0,3,6,4,0,0,2,125,61,0,0,64,90,0,0,107,223,0,0,0,0,0,16,7,0,0,9,20,8,0,0,12,30,14,0,0,16,72,34,0,0,38,0,0,0,0,0,,,,,,6,5,0,0,1,12,7,0,0,5,139,77,0,0,62,118,0,0,105,0,0,0,0,0,0,0,0,0,0,0,0,0,0,0,0,0,0,0,0,0,0,0,0,0,0,0,0,0,0,0,,,,,,0,0,0,0,0,0,0,0,0,0,0,0,0,0,0,0,0,0,0
00153601,University of Miami,2024,1060,424,0,13,58,24,25,544,470,,46,446,161,0,4,22,10,10,207,219,,20,610,262,0,9,35,14,15,335,250,,25,,,,,,,,,,,,,,,,,,,,,,,0,4,0,0,0,0,0,1,0,1,0,2,0,0,0,0,,,0,1,0,1,303,125,0,9,23,0,5,162,117,,24,0,0,0,0,1,0,0,8,9,0,0,14,48,0,1,76,60,0,1,101,0,0,0,0,,,,,2,0,0,3,9,0,1,14,54,0,0,63,123,0,2,178,362,0,0,0,0,0,4,3,0,0,1,13,3,0,1,9,153,60,0,0,93,196,76,0,1,119,15,5,0,0,10,,,,,,11,5,0,0,6,13,5,0,0,8,153,75,0,0,78,156,0,1,205,395,0,0,0,0,0,0,0,0,0,0,22,10,0,0,12,146,53,0,0,93,186,71,0,0,115,9,0,0,0,4,,,,,,9,3,0,0,6,9,6,0,0,3,200,90,0,1,109,167,0,1,227,0,0,0,0,0,0,0,0,0,0,0,0,0,0,0,0,0,0,0,0,0,0,0,0,0,0,0,5,0,0,0,,,,,,0,0,0,0,0,0,0,0,0,0,0,0,0,0,0,0,0,0,0
00156400,Emory University,2024,761,57,0,160,81,0,24,322,380,,59,317,18,0,74,15,0,13,120,162,,35,444,39,0,86,66,0,11,202,218,,24,,,,,,,,,,,,,,,,,,,,,,,0,0,0,0,0,0,0,0,0,0,0,0,0,0,0,0,,,0,0,0,0,268,17,0,51,15,0,4,87,143,,38,0,0,0,0,18,0,0,33,5,0,0,10,6,0,0,11,31,0,0,56,0,0,0,0,,,,,2,0,0,2,22,0,0,16,59,0,0,84,112,0,0,156,267,0,0,0,0,0,66,39,0,0,27,39,8,0,0,31,19,5,0,0,14,138,59,0,0,79,0,0,0,0,0,,,,,,14,7,0,0,7,12,7,0,0,5,117,53,0,0,64,119,0,0,148,226,0,0,0,0,0,43,17,0,0,26,27,2,0,0,25,21,7,0,0,14,97,30,0,0,67,0,0,0,0,0,,,,,,6,4,0,0,2,9,6,0,0,3,120,50,0,0,70,86,0,0,140,0,0,0,0,0,0,0,0,0,0,0,0,0,0,0,0,0,0,0,0,0,0,0,0,0,0,0,0,0,0,0,,,,,,0,0,0,0,0,0,0,0,0,0,0,0,0,0,0,0,0,0,0
00157400,Georgia State University,2024,590,78,1,30,86,0,14,209,289,,92,227,32,0,10,13,0,3,58,128,,41,361,46,1,20,72,0,11,150,161,,50,,,,,,,,,,,,,,,,,,,,,,,1,1,0,0,0,0,1,0,0,0,1,0,0,0,0,0,,,0,1,0,0,203,29,1,7,24,0,7,68,45,,90,0,0,0,1,0,0,0,7,5,1,0,18,11,0,0,18,17,1,0,50,0,0,0,0,,,,,1,0,0,6,40,0,1,49,21,0,0,24,78,1,1,123,193,0,0,0,0,0,14,7,0,0,7,33,5,0,0,28,29,11,0,0,18,78,24,0,0,54,0,0,0,0,0,,,,,,2,1,0,0,1,2,1,0,0,1,113,44,0,0,69,69,0,0,124,173,0,0,0,0,0,8,3,0,0,5,24,3,0,0,21,19,10,0,0,9,55,17,0,0,38,0,0,0,0,0,,,,,,4,1,0,0,3,0,0,0,0,0,118,58,0,0,60,75,0,0,98,21,0,0,0,0,0,1,0,0,0,1,5,0,0,0,5,1,0,0,0,1,8,0,0,0,8,0,0,0,0,0,,,,,,1,0,0,0,1,0,0,0,0,0,13,5,0,0,8,5,0,0,16
00158015,Mercer University,2024,423,32,0,20,27,0,18,97,315,,11,187,14,0,7,7,0,6,34,145,,8,233,18,0,12,19,0,12,61,169,,3,,,,,,,,,,,,,,,,,,,,,,,3,0,0,0,1,0,1,0,0,0,2,0,0,0,0,0,,,0,0,1,0,137,13,0,10,7,0,9,39,90,,8,0,0,0,0,4,1,0,5,2,1,0,4,6,0,0,7,15,2,0,22,0,0,0,0,,,,,3,0,0,6,5,0,0,3,47,1,0,42,67,3,0,67,144,0,0,0,0,0,5,2,0,0,3,13,4,0,0,9,11,5,0,0,6,33,12,0,0,21,0,0,0,0,0,,,,,,4,1,0,0,3,2,2,0,0,0,109,51,0,0,58,65,0,0,79,142,0,0,0,0,0,5,1,0,0,4,7,1,0,0,6,8,3,0,0,5,25,7,0,0,18,0,0,0,0,0,,,,,,5,2,0,0,3,1,1,0,0,0,116,47,0,0,69,55,0,0,87,0,0,0,0,0,0,0,0,0,0,0,0,0,0,0,0,0,0,0,0,0,0,0,0,0,0,0,0,0,0,0,,,,,,0,0,0,0,0,0,0,0,0,0,0,0,0,0,0,0,0,0,0
00159800,University of Georgia,2024,527,38,2,45,62,0,0,147,360,,20,232,11,1,15,23,0,0,50,169,,13,290,26,1,30,39,0,0,96,187,,7,,,,,,,,,,,,,,,,,,,,,,,5,0,0,0,0,0,0,0,1,0,1,0,0,0,0,0,,,0,0,4,0,180,15,0,20,19,0,0,54,118,,8,0,0,0,0,6,0,0,14,6,0,0,13,5,0,0,10,17,0,0,37,0,0,0,0,,,,,0,0,0,0,4,0,0,4,49,1,0,68,70,1,0,109,174,1,1,0,0,0,11,3,0,0,8,21,8,0,0,13,9,2,1,0,6,42,14,1,0,27,0,0,0,0,0,,,,,,0,0,0,0,0,4,4,0,0,0,128,66,1,0,61,84,2,0,88,173,1,0,0,0,1,14,6,0,0,8,22,9,0,0,13,14,4,0,0,10,51,19,0,0,32,0,0,0,0,0,,,,,,0,0,0,0,0,8,5,0,0,3,114,54,2,0,58,78,2,0,93,0,0,0,0,0,0,0,0,0,0,0,0,0,0,0,0,0,0,0,0,0,0,0,0,0,0,0,0,0,0,0,,,,,,0,0,0,0,0,0,0,0,0,0,0,0,0,0,0,0,0,0,0
00161000,University of Hawaii,2024,306,27,1,79,5,8,98,218,78,,10,110,11,0,30,4,3,34,82,26,,2,194,15,1,49,1,5,64,135,51,,8,,,,,,,,,,,,,,,,,,,,,,,2,0,0,0,0,0,0,0,1,0,1,0,0,0,0,0,,,0,0,1,0,112,7,1,31,4,5,30,78,34,,0,0,0,0,1,13,0,0,18,3,0,0,1,3,0,0,4,31,0,0,47,2,0,0,3,,,,,10,0,0,20,0,0,0,0,13,1,0,20,44,1,0,67,93,0,0,0,0,0,22,8,0,0,14,1,1,0,0,0,8,4,0,0,4,62,24,0,0,38,0,0,0,0,0,,,,,,31,11,0,0,20,5,2,0,0,3,26,6,0,0,20,32,0,0,61,84,0,0,0,0,0,19,6,0,0,13,0,0,0,0,0,10,3,1,0,6,62,22,1,0,39,2,0,0,0,1,,,,,,31,12,0,0,19,5,0,0,0,5,17,7,0,0,10,29,1,0,54,17,0,0,0,0,0,7,3,0,0,4,0,0,0,0,0,2,1,0,0,1,16,5,0,0,11,1,1,0,0,1,,,,,,6,1,0,0,5,0,0,0,0,0,1,0,0,0,1,5,0,0,12
00162600,University of Idaho,2024,453,18,13,5,12,0,57,105,323,,25,240,11,6,3,7,0,26,53,172,,15,209,7,6,2,5,0,31,51,149,,9,,,,,,,,,,,,,,,,,,,,,,,0,4,0,1,0,0,0,0,0,0,0,1,0,0,0,0,,,0,1,0,2,163,5,3,0,1,0,16,25,127,,11,1,0,0,2,0,0,0,0,0,0,0,1,3,0,0,2,14,0,0,11,0,0,0,0,,,,,10,0,0,6,5,0,1,5,69,0,2,56,88,0,3,72,149,5,3,0,0,2,2,2,0,0,0,6,4,0,0,2,6,2,0,0,4,41,20,0,0,21,0,0,0,0,0,,,,,,22,9,0,0,13,6,3,0,0,3,102,51,0,0,51,74,0,0,75,141,5,2,0,1,2,3,1,0,0,2,5,3,0,0,2,7,6,0,0,1,39,19,0,1,19,0,0,0,0,0,,,,,,19,7,0,0,12,8,7,0,0,1,94,52,0,0,42,78,0,1,62,0,0,0,0,0,0,0,0,0,0,0,0,0,0,0,0,0,0,0,0,0,0,0,0,0,0,0,0,0,0,0,,,,,,0,0,0,0,0,0,0,0,0,0,0,0,0,0,0,0,0,0,0
00167100,Depaul University,2024,495,56,0,42,32,0,18,148,328,,19,163,20,0,9,5,0,4,38,117,,8,324,36,0,31,26,0,13,106,207,,11,,,,,,,,,,,,,,,,,,,,,,,1,7,0,0,0,2,0,1,0,0,0,4,0,0,0,1,,,0,0,1,3,167,20,0,12,11,0,10,53,106,,8,0,0,0,0,4,0,0,8,2,0,0,9,12,0,0,8,20,0,1,32,0,0,0,0,,,,,2,0,1,7,4,0,0,4,31,0,1,74,55,0,2,110,152,0,0,0,0,0,14,1,0,1,12,9,1,0,1,7,19,6,0,0,13,43,8,0,2,33,0,0,0,0,0,,,,,,1,0,0,0,1,5,0,0,0,5,104,39,0,1,64,47,0,3,102,167,0,0,0,0,0,16,4,0,1,11,12,2,0,0,10,17,2,0,0,15,52,10,0,1,41,0,0,0,0,0,,,,,,7,2,0,0,5,6,4,0,0,2,109,45,1,1,62,59,1,2,105,9,0,0,0,0,0,0,0,0,0,0,0,0,0,0,0,0,0,0,0,0,0,0,0,0,0,0,0,0,0,0,,,,,,0,0,0,0,0,0,0,0,0,0,9,2,0,0,7,2,0,0,7
00169101,Chicago-Kent College of Law-IIT,2024,706,94,2,70,35,0,18,219,470,,17,277,29,1,30,9,0,10,79,191,,7,411,61,1,40,25,0,8,135,268,,8,,,,,,,,,,,,,,,,,,,,,,,3,15,0,0,0,0,1,0,2,2,3,2,0,0,0,0,,,0,2,0,11,240,27,2,29,6,0,1,65,171,,4,1,0,0,1,11,0,0,18,0,1,0,5,6,2,1,18,18,3,1,43,0,0,0,0,,,,,0,0,0,1,1,0,1,2,66,0,5,100,85,3,7,145,226,0,0,0,0,0,20,10,0,0,10,13,2,0,0,11,32,11,0,1,20,76,28,0,1,47,0,0,0,0,0,,,,,,11,5,0,0,6,8,3,0,1,4,142,57,0,3,82,88,0,5,133,220,0,0,0,0,0,20,9,0,0,11,16,7,0,0,9,31,11,0,0,20,72,31,0,0,41,0,0,0,0,0,,,,,,5,4,0,0,1,3,2,0,0,1,145,64,0,3,78,97,0,3,120,20,0,0,0,0,0,1,0,0,0,1,0,0,0,0,0,4,1,0,0,3,6,2,0,0,4,0,0,0,0,0,,,,,,1,1,0,0,0,2,1,0,0,1,12,4,0,0,8,7,0,0,13
00171000,Loyola University-Chicago,2024,831,109,3,86,61,0,47,306,521,,4,288,42,2,25,18,0,14,101,186,,1,542,66,1,61,43,0,33,204,335,,3,,,,,,,,,,,,,,,,,,,,,,,1,0,0,0,0,0,0,0,1,0,1,0,0,0,0,0,,,0,0,0,0,270,41,2,22,18,0,18,101,169,,0,1,0,0,1,4,0,0,18,6,0,0,12,14,1,0,26,30,1,0,70,0,0,0,0,,,,,5,0,0,13,0,0,0,0,71,0,0,98,101,1,0,168,265,1,1,0,0,0,36,11,0,0,25,15,6,0,0,9,32,17,0,0,15,97,38,0,0,59,0,0,0,0,0,,,,,,13,3,0,0,10,1,0,0,0,1,167,54,0,0,113,92,0,0,173,254,0,0,0,0,0,21,5,0,0,16,24,5,0,0,19,31,10,0,0,21,90,25,0,0,65,0,0,0,0,0,,,,,,14,5,0,0,9,3,1,0,0,2,161,55,0,0,106,81,0,0,173,42,0,0,0,0,0,7,5,0,0,2,4,1,0,0,3,5,1,0,0,4,18,8,0,0,10,0,0,0,0,0,,,,,,2,1,0,0,1,0,0,0,0,0,24,6,0,0,18,14,0,0,28
00173700,Northern Illinois University,2024,338,31,2,14,40,1,32,120,213,,5,140,7,1,7,13,1,15,44,94,,2,197,24,1,7,27,0,17,76,119,,2,,,,,,,,,,,,,,,,,,,,,,,0,1,0,0,0,0,0,0,0,0,0,0,0,0,0,0,,,0,1,0,0,123,10,0,2,13,0,21,46,77,,0,0,0,0,0,1,0,0,1,3,0,0,10,2,0,0,8,14,0,0,32,0,0,0,0,,,,,8,0,0,13,0,0,0,0,41,0,0,36,55,0,0,68,107,1,0,0,0,1,10,5,0,0,5,13,7,0,0,6,11,4,0,0,7,41,19,0,0,22,0,0,0,0,0,,,,,,6,3,0,0,3,1,0,0,0,1,65,25,0,0,40,44,0,0,63,108,1,1,0,0,0,2,1,0,0,1,14,3,0,0,11,10,1,0,0,9,33,11,0,0,22,1,0,0,0,0,,,,,,5,4,0,0,1,4,2,0,1,1,71,28,0,0,43,41,0,1,66,0,0,0,0,0,0,0,0,0,0,0,0,0,0,0,0,0,0,0,0,0,0,0,0,0,0,0,1,0,0,0,,,,,,0,0,0,0,0,0,0,0,0,0,0,0,0,0,0,0,0,0,0
00173900,Northwestern University,2024,760,86,3,181,73,0,37,380,351,,29,343,32,3,78,27,0,16,156,175,,12,402,54,0,97,46,0,20,217,170,,15,,,,,,,,,,,,,,,,,,,,,,,0,15,0,0,0,6,0,0,0,0,0,7,0,0,0,1,,,0,2,0,6,242,28,2,73,20,0,7,130,106,,6,2,0,0,0,29,0,5,39,9,0,0,11,7,0,0,21,50,0,5,75,0,0,0,0,,,,,3,0,0,4,0,0,1,5,54,0,3,49,104,0,9,129,260,1,1,0,0,0,53,22,0,1,30,25,6,0,0,19,34,16,0,0,18,127,51,0,1,75,0,0,0,0,0,,,,,,14,6,0,0,8,12,7,0,1,4,121,50,0,3,68,108,0,5,147,258,0,0,0,0,0,55,27,0,0,28,28,12,0,0,16,24,9,0,0,15,123,55,0,1,67,0,0,0,0,0,,,,,,16,7,0,1,8,11,5,0,0,6,124,71,0,0,53,131,0,1,126,0,0,0,0,0,0,0,0,0,0,0,0,0,0,0,0,0,0,0,0,0,0,0,0,0,0,0,0,0,0,0,,,,,,0,0,0,0,0,0,0,0,0,0,0,0,0,0,0,0,0,0,0
00175800,Southern Illinois University-Carbondale,2024,269,8,1,7,26,0,28,70,199,,0,132,5,0,3,9,0,15,32,100,,0,137,3,1,4,17,0,13,38,99,,0,,,,,,,,,,,,,,,,,,,,,,,0,0,0,0,0,0,0,0,0,0,0,0,0,0,0,0,,,0,0,0,0,106,5,0,4,14,0,11,34,72,,0,0,0,0,0,1,0,0,3,5,0,0,9,4,0,0,1,14,0,0,20,0,0,0,0,,,,,4,0,0,7,0,0,0,0,31,0,0,41,45,0,0,61,87,1,0,0,0,1,0,0,0,0,0,10,4,0,0,6,2,1,0,0,1,26,12,0,0,14,0,0,0,0,0,,,,,,13,7,0,0,6,0,0,0,0,0,61,35,0,0,26,47,0,0,40,76,0,0,0,0,0,3,2,0,0,1,2,0,0,0,2,1,0,0,0,1,10,6,0,0,4,0,0,0,0,0,,,,,,4,4,0,0,0,0,0,0,0,0,66,34,0,0,32,40,0,0,36,0,0,0,0,0,0,0,0,0,0,0,0,0,0,0,0,0,0,0,0,0,0,0,0,0,0,0,0,0,0,0,,,,,,0,0,0,0,0,0,0,0,0,0,0,0,0,0,0,0,0,0,0
00177400,University of Chicago,2024,620,87,0,109,49,0,48,293,301,,26,317,50,0,52,16,0,21,139,163,,15,299,37,0,57,33,0,27,154,134,,11,,,,,,,,,,,,,,,,,,,,,,,4,0,0,0,0,0,0,0,0,0,0,0,0,0,0,0,,,0,0,4,0,198,25,0,39,18,0,9,91,98,,9,0,0,0,0,15,0,0,24,8,0,0,10,13,0,0,12,38,0,0,53,0,0,0,0,,,,,2,0,0,7,6,0,0,3,55,4,0,39,99,4,0,95,206,0,0,0,0,0,36,20,0,0,16,15,6,0,0,9,23,16,0,0,7,99,53,0,0,46,0,0,0,0,0,,,,,,25,11,0,0,14,11,5,0,0,6,96,48,0,0,48,106,0,0,100,216,0,0,0,0,0,34,17,0,0,17,16,2,0,0,14,39,21,0,0,18,103,48,0,0,55,0,0,0,0,0,,,,,,14,8,0,0,6,6,4,0,0,2,107,60,0,0,47,112,0,0,104,0,0,0,0,0,0,0,0,0,0,0,0,0,0,0,0,0,0,0,0,0,0,0,0,0,0,0,0,0,0,0,,,,,,0,0,0,0,0,0,0,0,0,0,0,0,0,0,0,0,0,0,0
00177500,University of Illinois,2024,472,41,0,98,28,0,12,179,255,,38,249,27,0,38,9,0,5,79,146,,24,217,14,0,59,19,0,6,98,108,,11,,,,,,,,,,,,,,,,,,,,,,,5,1,0,0,1,0,0,0,0,0,1,1,0,0,0,1,,,3,0,1,0,161,13,0,42,6,0,3,64,86,,11,0,0,0,0,17,1,0,24,3,0,0,3,9,0,0,4,31,1,1,31,0,0,0,0,,,,,2,0,1,0,7,1,0,3,49,1,0,36,87,3,1,70,157,0,0,0,0,0,25,9,0,0,16,10,3,0,0,7,16,10,0,0,6,54,22,0,0,32,0,0,0,0,0,,,,,,3,0,0,0,3,15,9,2,0,4,88,47,0,0,41,78,2,0,77,154,0,0,0,0,0,31,12,0,0,19,12,3,0,0,9,12,8,0,0,4,61,26,0,0,35,0,0,0,0,0,,,,,,6,3,0,0,3,12,8,0,0,4,81,50,0,0,31,84,0,0,70,0,0,0,0,0,0,0,0,0,0,0,0,0,0,0,0,0,0,0,0,0,0,0,0,0,0,0,0,0,0,0,,,,,,0,0,0,0,0,0,0,0,0,0,0,0,0,0,0,0,0,0,0
00177608,University of Illinois Chicago School of Law,2024,962,157,1,86,98,0,29,371,572,,19,335,51,0,22,24,0,10,107,222,,6,602,105,1,63,72,0,19,260,333,,9,,,,,,,,,,,,,,,,,,,,,,,0,25,0,0,0,1,0,2,0,1,0,4,0,0,0,0,,,0,4,0,17,379,79,1,35,45,0,17,177,199,,3,0,0,0,1,10,0,0,25,8,0,1,36,23,0,0,56,47,0,1,129,0,0,0,0,,,,,6,0,0,11,0,0,2,1,82,0,1,116,129,0,4,246,309,0,0,0,0,0,26,7,0,0,19,33,8,0,1,24,41,14,0,1,26,104,31,0,2,71,0,0,0,0,0,,,,,,4,2,0,0,2,4,2,0,0,2,201,77,0,10,114,110,0,12,187,237,0,0,0,0,0,22,3,0,1,18,14,4,0,0,10,36,13,0,0,23,79,21,0,1,57,0,0,0,0,0,,,,,,7,1,0,0,6,9,3,0,1,5,149,52,0,6,91,76,0,8,153,37,0,0,0,0,0,3,2,0,0,1,6,4,0,0,2,1,1,0,0,0,11,8,0,0,3,0,0,0,0,0,,,,,,1,1,0,0,0,3,1,0,1,1,23,11,0,0,12,20,0,1,16
00180900,Indiana University - Bloomington,2024,476,51,0,54,26,0,15,146,315,,15,213,24,0,14,5,0,6,49,155,,9,258,27,0,39,21,0,9,96,157,,5,,,,,,,,,,,,,,,,,,,,,,,2,3,0,0,1,0,0,0,0,0,1,0,0,0,0,0,,,0,1,1,2,146,12,0,14,1,0,1,28,113,,5,0,0,0,0,3,1,0,10,1,0,0,0,8,0,0,4,13,1,0,14,0,0,0,0,,,,,1,0,0,0,3,0,0,2,54,1,1,57,70,2,1,73,164,0,0,0,0,0,17,6,0,0,11,14,2,0,0,12,22,8,0,0,14,61,19,0,0,42,0,0,0,0,0,,,,,,8,3,0,0,5,4,2,0,0,2,99,49,0,0,50,70,0,0,94,166,0,0,0,0,0,23,5,0,0,18,11,2,0,0,9,17,8,0,0,9,57,17,0,0,40,0,0,0,0,0,,,,,,6,2,0,0,4,6,4,0,1,1,103,52,0,1,50,73,0,2,91,0,0,0,0,0,0,0,0,0,0,0,0,0,0,0,0,0,0,0,0,0,0,0,0,0,0,0,0,0,0,0,,,,,,0,0,0,0,0,0,0,0,0,0,0,0,0,0,0,0,0,0,0
00181300,Indiana University - Indianapolis,2024,773,65,2,34,40,1,28,170,597,,6,340,26,2,10,9,1,15,63,273,,4,433,39,0,24,31,0,13,107,324,,2,,,,,,,,,,,,,,,,,,,,,,,0,0,0,0,0,0,0,0,0,0,0,0,0,0,0,0,,,0,0,0,0,339,29,1,12,18,1,16,77,259,,3,1,0,0,0,5,0,0,7,3,0,0,15,12,0,0,17,32,0,0,45,1,0,0,0,,,,,10,0,0,6,2,0,0,1,119,0,0,140,153,0,0,186,223,0,0,0,0,0,13,4,0,0,9,10,3,0,0,7,25,11,0,0,14,52,19,0,0,33,0,0,0,0,0,,,,,,4,1,0,0,3,1,1,0,0,0,170,84,0,0,86,104,0,0,119,194,1,1,0,0,0,9,1,0,0,8,9,2,0,0,7,10,3,0,0,7,37,11,0,0,26,0,0,0,0,0,,,,,,8,4,0,0,4,0,0,0,0,0,157,66,0,0,91,77,0,0,117,17,0,0,0,0,0,0,0,0,0,0,3,1,0,0,2,1,0,0,0,1,4,1,0,0,3,0,0,0,0,0,,,,,,0,0,0,0,0,2,1,0,0,1,11,4,0,0,7,6,0,0,11
00184000,University of Notre Dame,2024,549,76,2,39,19,1,30,167,333,,49,277,31,1,15,4,0,15,66,182,,29,271,45,1,24,15,1,15,101,151,,19,,,,,,,,,,,,,,,,,,,,,,,0,1,0,0,0,0,0,0,0,0,0,0,0,0,0,0,,,0,1,0,0,181,21,0,17,2,0,6,46,119,,16,0,0,0,0,5,0,0,12,0,0,0,2,10,0,0,11,16,0,0,30,0,0,0,0,,,,,1,0,0,5,10,0,1,5,63,0,0,56,89,0,1,91,202,0,0,0,0,0,9,4,0,0,5,9,2,0,0,7,34,14,0,0,20,66,26,0,0,40,1,0,0,0,1,,,,,,13,6,0,0,7,22,14,0,0,8,114,62,0,0,52,102,0,0,100,166,2,1,0,0,1,13,6,0,0,7,8,2,0,0,6,21,7,0,0,14,55,24,0,0,31,0,0,0,0,0,,,,,,11,8,0,0,3,11,5,0,0,6,100,57,0,0,43,86,0,0,80,0,0,0,0,0,0,0,0,0,0,0,0,0,0,0,0,0,0,0,0,0,0,0,0,0,0,0,0,0,0,0,,,,,,0,0,0,0,0,0,0,0,0,0,0,0,0,0,0,0,0,0,0
00186000,Drake University,2024,349,16,0,13,13,0,8,50,296,,3,160,5,0,6,4,0,1,16,143,,1,189,11,0,7,9,0,7,34,153,,2,,,,,,,,,,,,,,,,,,,,,,,0,0,0,0,0,0,0,0,0,0,0,0,0,0,0,0,,,0,0,0,0,125,9,0,5,4,0,3,21,101,,3,0,0,0,0,1,0,0,4,1,0,0,3,2,0,0,7,5,0,0,16,0,0,0,0,,,,,1,0,0,2,1,0,0,2,60,0,0,41,66,0,0,59,119,0,0,0,0,0,2,2,0,0,0,3,0,0,0,3,5,2,0,0,3,12,4,0,0,8,0,0,0,0,0,,,,,,2,0,0,0,2,0,0,0,0,0,107,43,0,0,64,47,0,0,72,105,0,0,0,0,0,6,3,0,0,3,6,3,0,0,3,2,1,0,0,1,17,7,0,0,10,0,0,0,0,0,,,,,,3,0,0,0,3,0,0,0,0,0,88,40,0,0,48,47,0,0,58,0,0,0,0,0,0,0,0,0,0,0,0,0,0,0,0,0,0,0,0,0,0,0,0,0,0,0,0,0,0,0,,,,,,0,0,0,0,0,0,0,0,0,0,0,0,0,0,0,0,0,0,0
00189200,University of Iowa,2024,500,38,3,37,12,0,26,116,339,,45,228,22,2,15,9,0,4,52,159,,17,210,14,1,16,3,0,19,53,141,,16,,,,,,,,,,,,,,,,,,,,,,,3,59,0,0,0,6,0,0,0,2,0,11,0,0,0,3,,,0,12,3,36,186,16,2,28,6,0,6,58,120,,8,1,0,0,1,11,0,4,13,5,0,0,1,7,0,1,8,24,0,7,27,0,0,0,0,,,,,0,0,2,4,2,0,3,3,47,1,10,62,73,1,20,92,155,1,1,0,0,0,3,1,0,0,2,1,1,0,0,0,10,7,0,1,2,25,11,0,1,13,0,0,0,0,0,,,,,,10,1,0,0,9,16,6,0,3,7,114,62,0,3,49,79,0,7,69,159,0,0,0,0,0,6,3,0,2,1,5,3,0,0,2,12,8,0,0,4,33,17,0,3,13,0,0,0,0,0,,,,,,10,3,0,1,6,21,9,0,6,6,105,50,2,23,30,76,2,32,49,0,0,0,0,0,0,0,0,0,0,0,0,0,0,0,0,0,0,0,0,0,0,0,0,0,0,0,0,0,0,0,,,,,,0,0,0,0,0,0,0,0,0,0,0,0,0,0,0,0,0,0,0
00194800,University of Kansas,2024,365,32,0,16,9,1,15,73,284,,8,163,14,0,9,4,1,6,34,125,,4,196,18,0,7,5,0,9,39,154,,3,,,,,,,,,,,,,,,,,,,,,,,4,2,0,0,0,0,0,0,0,0,0,0,0,0,0,0,,,0,1,4,1,127,11,0,5,3,1,6,26,98,,3,0,0,0,0,2,0,0,3,1,0,0,2,4,0,0,7,11,0,0,15,1,0,0,0,,,,,3,0,0,3,2,0,0,1,47,0,1,50,60,0,1,66,110,0,0,0,0,0,5,4,0,0,1,3,3,0,0,0,14,6,0,0,8,27,15,0,0,12,0,0,0,0,0,,,,,,5,2,0,0,3,2,1,0,1,0,81,40,1,0,40,56,1,1,52,128,0,0,0,0,0,6,3,0,0,3,3,0,0,0,3,7,4,0,0,3,20,8,0,0,12,0,0,0,0,0,,,,,,4,1,0,0,3,3,1,0,0,2,105,38,3,0,64,47,3,0,78,0,0,0,0,0,0,0,0,0,0,0,0,0,0,0,0,0,0,0,0,0,0,0,0,0,0,0,0,0,0,0,,,,,,0,0,0,0,0,0,0,0,0,0,0,0,0,0,0,0,0,0,0
00194900,Washburn University,2024,317,26,3,5,27,0,20,81,204,,32,163,17,1,4,8,0,7,37,108,,18,151,9,2,1,19,0,13,44,96,,11,,,,,,,,,,,,,,,,,,,,,,,2,1,0,0,0,0,0,0,0,0,0,0,0,0,0,0,,,2,1,0,0,131,5,0,0,16,0,14,35,76,,20,0,0,0,0,0,0,0,0,5,0,0,11,3,0,0,2,13,0,0,22,0,0,0,0,,,,,5,0,0,9,9,2,1,8,38,0,0,38,60,2,1,68,93,1,0,0,0,1,3,2,0,0,1,4,1,0,0,3,7,5,0,0,2,18,9,0,0,9,0,0,0,0,0,,,,,,3,1,0,0,2,5,4,0,0,1,70,40,0,0,30,53,0,0,40,93,2,1,0,0,1,2,2,0,0,0,7,2,0,0,5,14,9,0,0,5,28,15,0,0,13,0,0,0,0,0,,,,,,3,1,0,0,2,7,5,0,0,2,58,30,0,0,28,50,0,0,43,0,0,0,0,0,0,0,0,0,0,0,0,0,0,0,0,0,0,0,0,0,0,0,0,0,0,0,0,0,0,0,,,,,,0,0,0,0,0,0,0,0,0,0,0,0,0,0,0,0,0,0,0
00198903,University of Kentucky,2024,395,21,3,7,27,0,1,59,327,,9,203,12,2,3,10,0,0,27,169,,7,192,9,1,4,17,0,1,32,158,,2,,,,,,,,,,,,,,,,,,,,,,,0,0,0,0,0,0,0,0,0,0,0,0,0,0,0,0,,,0,0,0,0,131,5,1,2,9,0,0,17,110,,4,0,0,0,1,1,0,0,1,2,0,0,7,3,0,0,2,6,0,0,11,0,0,0,0,,,,,0,0,0,0,3,0,0,1,52,0,0,58,61,0,0,70,153,0,0,0,0,0,5,2,0,0,3,9,4,0,0,5,9,5,0,0,4,24,11,0,0,13,0,0,0,0,0,,,,,,1,0,0,0,1,1,1,0,0,0,128,78,0,0,50,90,0,0,63,111,2,2,0,0,0,0,0,0,0,0,9,4,0,0,5,7,4,0,0,3,18,10,0,0,8,0,0,0,0,0,,,,,,0,0,0,0,0,4,3,0,0,1,89,39,0,0,50,52,0,0,59,0,0,0,0,0,0,0,0,0,0,0,0,0,0,0,0,0,0,0,0,0,0,0,0,0,0,0,0,0,0,0,,,,,,0,0,0,0,0,0,0,0,0,0,0,0,0,0,0,0,0,0,0
00199900,University of Louisville,2024,355,31,1,10,18,0,15,75,280,,0,156,13,0,2,4,0,1,20,136,,0,199,18,1,8,14,0,14,55,144,,0,,,,,,,,,,,,,,,,,,,,,,,0,0,0,0,0,0,0,0,0,0,0,0,0,0,0,0,,,0,0,0,0,116,5,0,4,8,0,5,22,94,,0,0,0,0,0,1,0,0,3,2,0,0,6,4,0,0,1,7,0,0,15,0,0,0,0,,,,,0,0,0,5,0,0,0,0,51,0,0,43,58,0,0,58,119,1,0,0,0,1,2,0,0,0,2,2,0,0,0,2,16,7,0,0,9,26,7,0,0,19,0,0,0,0,0,,,,,,5,0,0,0,5,0,0,0,0,0,93,43,0,0,50,50,0,0,69,120,0,0,0,0,0,4,1,0,0,3,8,2,0,0,6,10,2,0,0,8,27,6,0,0,21,0,0,0,0,0,,,,,,5,1,0,0,4,0,0,0,0,0,93,42,0,0,51,48,0,0,72,0,0,0,0,0,0,0,0,0,0,0,0,0,0,0,0,0,0,0,0,0,0,0,0,0,0,0,0,0,0,0,,,,,,0,0,0,0,0,0,0,0,0,0,0,0,0,0,0,0,0,0,0
00201000,Louisiana State University,2024,627,49,3,17,46,1,25,141,475,,11,304,16,1,7,9,1,13,47,249,,8,323,33,2,10,37,0,12,94,226,,3,,,,,,,,,,,,,,,,,,,,,,,0,0,0,0,0,0,0,0,0,0,0,0,0,0,0,0,,,0,0,0,0,228,21,1,8,19,0,7,56,167,,5,0,0,0,1,3,0,0,5,4,0,0,15,6,0,0,15,15,0,0,41,0,0,0,0,,,,,2,0,0,5,3,0,0,2,84,0,0,83,102,0,0,126,198,1,0,0,0,1,3,3,0,0,0,12,0,0,0,12,17,6,0,0,11,39,12,0,0,27,0,0,0,0,0,,,,,,6,3,0,0,3,1,1,0,0,0,158,83,0,0,75,96,0,0,102,201,1,1,0,0,0,6,1,0,0,5,15,5,0,0,10,11,4,0,0,7,46,20,0,0,26,1,0,0,0,0,,,,,,12,8,0,0,4,5,4,0,0,1,150,82,0,0,68,106,0,0,95,0,0,0,0,0,0,0,0,0,0,0,0,0,0,0,0,0,0,0,0,0,0,0,0,0,0,0,1,0,0,0,,,,,,0,0,0,0,0,0,0,0,0,0,0,0,0,0,0,0,0,0,0
00201600,Loyola University-New Orleans,2024,615,85,2,8,70,0,32,197,396,,22,272,32,2,1,26,0,11,72,187,,13,343,53,0,7,44,0,21,125,209,,9,,,,,,,,,,,,,,,,,,,,,,,0,0,0,0,0,0,0,0,0,0,0,0,0,0,0,0,,,0,0,0,0,213,38,1,0,22,0,13,74,131,,8,1,0,0,0,0,0,0,0,8,0,0,14,16,0,0,22,29,0,0,45,0,0,0,0,,,,,4,0,0,9,3,0,0,5,67,0,0,64,99,0,0,114,203,1,1,0,0,0,4,1,0,0,3,22,7,0,0,15,29,11,0,0,18,67,26,0,0,41,0,0,0,0,0,,,,,,11,6,0,0,5,6,3,0,0,3,130,55,0,0,75,84,0,0,119,190,0,0,0,0,0,4,0,0,0,4,24,10,0,0,14,18,5,0,0,13,54,16,0,0,38,0,0,0,0,0,,,,,,8,1,0,0,7,7,6,0,0,1,129,63,0,0,66,85,0,0,105,9,0,0,0,0,0,0,0,0,0,0,2,1,0,0,1,0,0,0,0,0,2,1,0,0,1,0,0,0,0,0,,,,,,0,0,0,0,0,1,1,0,0,0,6,2,0,0,4,4,0,0,5
00202500,Southern University,2024,800,52,1,3,465,0,3,524,201,,75,276,18,1,1,130,0,0,150,94,,32,491,30,0,1,319,0,3,353,97,,41,,,,,,,,,,,,,,,,,,,,,,,0,33,0,0,0,1,0,16,0,4,0,21,0,0,0,0,,,0,2,0,10,298,22,0,0,172,0,0,194,64,,40,0,0,0,0,0,0,0,0,48,0,4,120,8,0,1,13,56,0,5,133,0,0,0,0,,,,,0,0,0,0,13,0,1,26,25,0,2,37,94,0,8,196,202,0,0,0,0,0,1,0,0,1,0,116,27,0,10,79,10,3,0,3,4,127,30,0,14,83,0,0,0,0,0,,,,,,0,0,0,0,0,15,10,0,0,5,60,32,0,6,22,72,0,20,110,266,1,1,0,0,0,1,1,0,0,0,152,46,0,1,105,20,7,0,0,13,176,55,0,1,120,0,0,0,0,0,,,,,,2,0,0,0,2,20,9,0,1,10,70,32,0,2,36,96,0,4,166,34,0,0,0,0,0,1,0,0,0,1,25,9,0,1,15,0,0,0,0,0,27,9,0,1,17,0,0,0,0,0,,,,,,1,0,0,0,1,0,0,0,0,0,7,5,0,0,2,14,0,1,19
00202900,Tulane University,2024,614,82,0,31,40,1,16,170,393,,51,254,30,0,11,12,0,5,58,181,,15,316,48,0,19,25,1,10,103,204,,9,,,,,,,,,,,,,,,,,,,,,,,22,22,0,0,0,1,0,3,0,4,0,9,0,0,0,1,,,22,5,0,8,204,27,0,12,12,1,12,64,128,,12,0,0,0,0,4,0,1,7,3,0,0,9,7,0,2,18,17,0,4,43,0,0,0,1,,,,,3,0,1,8,3,3,4,2,62,0,6,60,82,3,14,105,197,0,0,0,0,0,7,3,0,0,4,16,3,0,3,10,26,12,0,2,12,51,19,0,5,27,0,0,0,0,0,,,,,,2,1,0,0,1,20,6,10,1,3,126,52,0,2,72,77,10,8,102,213,0,0,0,0,0,12,4,0,0,8,12,6,0,0,6,29,11,0,0,18,55,22,0,0,33,0,0,0,0,0,,,,,,2,1,0,0,1,19,6,9,0,4,139,67,0,0,72,95,9,0,109,0,0,0,0,0,0,0,0,0,0,0,0,0,0,0,0,0,0,0,0,0,0,0,0,0,0,0,0,0,0,0,,,,,,0,0,0,0,0,0,0,0,0,0,0,0,0,0,0,0,0,0,0
00205400,University of Maine,2024,275,15,3,9,5,0,14,46,221,,8,110,9,0,5,3,0,4,21,83,,6,160,5,3,4,2,0,10,24,134,,2,,,,,,,,,,,,,,,,,,,,,,,2,3,0,0,0,0,0,0,0,1,0,1,0,0,0,0,,,0,0,2,2,96,3,1,1,3,0,6,14,79,,3,0,0,0,1,0,0,0,1,2,0,0,1,3,0,0,0,6,0,0,8,0,0,0,0,,,,,1,0,0,5,2,0,0,1,25,2,0,52,33,2,0,61,91,0,0,0,0,0,3,1,0,0,2,1,0,0,0,1,6,2,0,1,3,14,5,0,1,8,0,0,0,0,0,,,,,,4,2,0,0,2,3,3,0,0,0,74,32,0,0,42,40,0,1,50,88,2,0,0,0,2,5,4,0,0,1,1,1,0,0,0,6,4,0,0,2,18,10,0,0,8,0,0,0,0,0,,,,,,4,1,0,0,3,2,1,0,0,1,68,26,0,2,40,37,0,2,49,0,0,0,0,0,0,0,0,0,0,0,0,0,0,0,0,0,0,0,0,0,0,0,0,0,0,0,0,0,0,0,,,,,,0,0,0,0,0,0,0,0,0,0,0,0,0,0,0,0,0,0,0
00210200,University of Baltimore,2024,700,60,1,56,123,0,31,271,399,,30,273,26,0,16,36,0,10,88,167,,18,423,34,1,40,86,0,19,180,231,,12,,,,,,,,,,,,,,,,,,,,,,,4,0,0,0,0,0,1,0,0,0,3,0,0,0,2,0,,,0,0,1,0,262,25,1,14,53,0,12,105,148,,9,0,0,0,1,6,0,0,8,17,0,0,36,13,0,0,12,40,2,0,63,0,0,0,0,,,,,4,2,0,6,6,0,0,3,70,1,0,77,116,3,0,143,215,0,0,0,0,0,20,4,0,0,16,32,7,0,0,25,23,10,0,0,13,85,24,0,0,61,0,0,0,0,0,,,,,,10,3,0,0,7,12,8,0,0,4,118,43,0,0,75,75,0,0,140,216,0,0,0,0,0,22,6,0,0,16,38,12,1,0,25,12,3,0,0,9,81,24,1,0,56,0,0,0,0,0,,,,,,9,3,0,0,6,9,4,0,0,5,126,52,0,0,74,80,1,0,135,7,0,0,0,0,0,0,0,0,0,0,0,0,0,0,0,0,0,0,0,0,0,0,0,0,0,0,0,0,0,0,,,,,,0,0,0,0,0,0,0,0,0,0,7,2,0,0,5,2,0,0,5
00210400,University of Maryland,2024,644,54,0,57,97,1,23,232,398,,14,256,23,0,13,27,0,7,70,179,,7,373,30,0,42,69,1,16,158,209,,6,,,,,,,,,,,,,,,,,,,,,,,9,6,0,0,2,0,0,1,0,1,2,2,0,0,0,0,,,1,0,6,4,204,21,0,22,28,0,5,76,121,,7,0,0,0,0,5,2,0,15,6,0,1,21,12,0,0,9,27,2,1,46,0,0,0,0,,,,,4,0,0,1,3,1,0,3,54,3,0,64,84,6,1,113,212,0,0,0,0,0,17,2,0,0,15,39,12,0,0,27,11,5,0,0,6,78,22,0,0,56,1,0,0,0,1,,,,,,10,3,0,0,7,2,1,0,0,1,132,61,3,2,66,84,3,2,123,191,0,0,0,0,0,17,6,0,0,11,25,9,0,0,16,16,5,0,1,10,65,20,0,1,44,0,0,0,0,0,,,,,,7,0,0,0,7,4,2,0,0,2,122,55,0,1,66,77,0,2,112,37,0,0,0,0,0,1,0,0,0,1,5,0,0,0,5,6,1,0,0,5,13,1,0,0,12,0,0,0,0,0,,,,,,1,0,0,0,1,1,1,0,0,0,23,9,0,1,13,11,0,1,25
00212801,Boston College,2024,635,15,0,80,56,0,56,207,401,,27,284,8,0,24,27,0,22,81,190,,13,351,7,0,56,29,0,34,126,211,,14,,,,,,,,,,,,,,,,,,,,,,,0,0,0,0,0,0,0,0,0,0,0,0,0,0,0,0,,,0,0,0,0,221,2,0,29,20,0,15,66,137,,18,0,0,0,0,10,0,0,19,4,0,0,16,0,0,0,2,23,0,0,43,0,0,0,0,,,,,9,0,0,6,9,0,0,9,61,0,0,76,93,0,0,128,206,0,0,0,0,0,24,10,0,0,14,19,12,0,0,7,5,3,0,0,2,67,33,0,0,34,0,0,0,0,0,,,,,,19,8,0,0,11,7,4,0,0,3,132,62,0,0,70,99,0,0,107,208,0,0,0,0,0,27,4,0,0,23,17,11,0,0,6,8,5,0,0,3,74,25,0,0,49,0,0,0,0,0,,,,,,22,5,0,0,17,2,0,0,0,2,132,67,0,0,65,92,0,0,116,0,0,0,0,0,0,0,0,0,0,0,0,0,0,0,0,0,0,0,0,0,0,0,0,0,0,0,0,0,0,0,,,,,,0,0,0,0,0,0,0,0,0,0,0,0,0,0,0,0,0,0,0
00213007,Boston University,2024,662,102,1,104,36,0,44,287,351,,24,306,32,0,35,14,0,21,102,187,,17,347,69,1,68,22,0,23,183,159,,5,,,,,,,,,,,,,,,,,,,,,,,9,0,0,0,1,0,0,0,1,0,2,0,0,0,0,0,,,2,0,5,0,215,29,0,38,15,0,10,92,110,,13,0,0,0,0,16,1,0,21,7,0,0,8,12,1,0,16,38,2,0,52,0,0,0,0,,,,,3,0,0,7,9,2,0,2,53,4,0,53,100,8,0,107,234,0,0,0,0,0,39,10,0,0,29,11,4,0,0,7,38,6,0,0,32,105,31,0,0,74,0,0,0,0,0,,,,,,17,11,0,0,6,6,4,0,0,2,123,67,1,0,55,102,1,0,131,213,1,0,0,0,1,27,9,0,0,18,10,3,0,0,7,35,14,0,0,21,90,33,0,0,57,0,0,0,0,0,,,,,,17,7,0,0,10,5,4,0,0,1,118,67,0,0,51,104,0,0,109,0,0,0,0,0,0,0,0,0,0,0,0,0,0,0,0,0,0,0,0,0,0,0,0,0,0,0,0,0,0,0,,,,,,0,0,0,0,0,0,0,0,0,0,0,0,0,0,0,0,0,0,0
00215510,Harvard University,2024,1769,173,2,396,109,2,89,771,928,,70,835,77,1,151,43,0,36,308,488,,39,927,96,1,243,65,2,52,459,437,,31,,,,,,,,,,,,,,,,,,,,,,,4,3,0,0,1,1,1,0,0,0,2,2,0,0,0,1,,,0,0,2,1,563,39,0,132,19,1,33,224,325,,14,0,0,0,0,51,1,0,80,6,0,0,13,11,0,0,28,80,1,0,143,0,0,0,1,,,,,12,0,0,21,7,0,0,7,175,1,1,148,262,2,1,298,610,0,0,0,0,0,134,54,0,1,79,46,20,0,0,26,65,33,0,0,32,274,119,0,2,153,1,0,0,0,1,,,,,,28,12,0,1,15,30,18,0,0,12,306,162,0,0,144,299,0,2,309,596,2,1,0,0,1,130,46,0,0,84,44,17,1,0,26,69,33,0,0,36,273,109,1,0,163,0,0,0,0,0,,,,,,28,12,0,0,16,26,14,0,0,12,297,151,1,0,145,274,2,0,320,0,0,0,0,0,0,0,0,0,0,0,0,0,0,0,0,0,0,0,0,0,0,0,0,0,0,0,0,0,0,0,,,,,,0,0,0,0,0,0,0,0,0,0,0,0,0,0,0,0,0,0,0
00219900,Northeastern University,2024,729,55,0,91,35,0,35,216,413,,100,215,18,0,16,4,0,10,48,141,,26,503,37,0,74,30,0,25,166,265,,72,,,,,,,,,,,,,,,,,,,,,,,0,11,0,0,0,1,0,1,0,0,0,2,0,0,0,0,,,0,2,0,7,265,13,0,22,8,0,7,50,126,,89,0,0,0,0,3,0,0,19,1,0,0,7,4,0,0,9,11,0,0,39,0,0,0,0,,,,,3,0,0,4,23,0,1,65,42,0,2,82,76,0,3,186,227,0,0,0,0,0,36,4,0,1,31,10,2,0,1,7,18,7,0,0,11,81,18,0,2,61,0,0,0,0,0,,,,,,17,5,0,0,12,8,2,0,0,6,138,51,0,2,85,71,0,4,152,223,0,0,0,0,0,31,7,0,0,24,16,1,0,0,15,24,7,0,0,17,82,17,0,0,65,0,0,0,0,0,,,,,,11,2,0,0,9,3,1,0,1,1,138,45,0,3,90,63,0,4,156,14,0,0,0,0,0,2,2,0,0,0,1,0,0,0,1,0,0,0,0,0,3,2,0,0,1,0,0,0,0,0,,,,,,0,0,0,0,0,0,0,0,0,0,11,3,0,0,8,5,0,0,9
00221007,University of Massachusetts Dartmouth,2024,381,54,1,24,22,0,14,115,241,,25,150,24,1,9,10,0,5,49,91,,10,229,30,0,15,12,0,9,66,148,,15,,,,,,,,,,,,,,,,,,,,,,,2,0,0,0,0,0,0,0,0,0,0,0,0,0,0,0,,,0,0,2,0,155,27,0,11,13,0,7,58,87,,10,0,0,0,0,4,0,0,7,7,0,0,6,16,0,0,11,29,0,0,29,0,0,0,0,,,,,2,0,0,5,6,0,0,4,38,2,0,47,73,2,0,80,110,0,0,0,0,0,6,2,0,0,4,6,2,0,0,4,14,4,0,0,10,29,10,0,0,19,0,0,0,0,0,,,,,,3,2,0,0,1,10,4,0,0,6,71,24,0,0,47,38,0,0,72,99,1,1,0,0,0,7,3,0,0,4,3,1,0,0,2,12,4,0,0,8,26,9,0,0,17,0,0,0,0,0,,,,,,3,0,0,0,3,5,0,0,0,5,68,24,0,0,44,33,0,0,66,17,0,0,0,0,0,0,0,0,0,0,0,0,0,0,0,1,0,0,0,1,2,1,0,0,1,0,0,0,0,0,,,,,,1,1,0,0,0,0,0,0,0,0,15,5,0,0,10,6,0,0,11
00221810,Suffolk University,2024,1182,120,1,83,65,0,22,291,810,,81,455,36,1,18,21,0,6,82,338,,35,720,84,0,65,44,0,16,209,469,,42,,,,,,,,,,,,,,,,,,,,,,,0,7,0,0,0,0,0,0,0,0,0,0,0,0,0,0,,,0,4,0,3,414,47,0,33,23,0,8,111,248,,55,0,0,0,0,8,0,0,25,7,0,0,16,14,0,0,33,32,0,0,79,0,0,0,0,,,,,3,0,0,5,20,0,4,31,102,0,1,145,154,0,5,255,338,0,0,0,0,0,27,3,0,0,24,19,5,0,0,14,33,8,0,0,25,86,18,0,0,68,0,0,0,0,0,,,,,,7,2,0,0,5,14,8,0,0,6,238,107,0,2,129,133,0,2,203,366,0,0,0,0,0,18,6,0,0,12,21,8,0,0,13,35,12,0,0,23,80,27,0,0,53,0,0,0,0,0,,,,,,6,1,0,0,5,10,5,0,0,5,276,110,0,0,166,142,0,0,224,64,1,1,0,0,0,5,1,0,0,4,2,1,0,0,1,5,2,0,0,3,14,5,0,0,9,0,0,0,0,0,,,,,,1,0,0,0,1,2,2,0,0,0,48,19,0,0,29,26,0,0,38
00222600,Western New England University,2024,306,33,2,11,21,0,4,71,132,,103,124,11,1,6,7,0,1,26,60,,38,182,22,1,5,14,0,3,45,72,,65,,,,,,,,,,,,,,,,,,,,,,,0,0,0,0,0,0,0,0,0,0,0,0,0,0,0,0,,,0,0,0,0,114,7,1,0,3,0,4,15,15,,84,0,0,0,1,0,0,0,0,1,0,0,2,3,0,0,4,5,0,0,10,0,0,0,0,,,,,1,0,0,3,30,0,0,54,9,0,0,6,44,0,0,70,85,1,1,0,0,0,7,5,0,0,2,7,2,0,0,5,14,4,0,0,10,29,12,0,0,17,0,0,0,0,0,,,,,,0,0,0,0,0,5,2,0,0,3,51,21,0,0,30,35,0,0,50,85,0,0,0,0,0,2,0,0,0,2,10,4,0,0,6,10,4,0,0,6,22,8,0,0,14,0,0,0,0,0,,,,,,0,0,0,0,0,11,4,0,0,7,52,24,0,0,28,36,0,0,49,22,0,0,0,0,0,2,1,0,0,1,1,0,0,0,1,2,0,0,0,2,5,1,0,0,4,0,0,0,0,0,,,,,,0,0,0,0,0,3,2,0,0,1,14,6,0,0,8,9,0,0,13
00225400,Michigan State University,2024,553,61,6,25,52,1,25,170,360,,23,255,22,5,10,26,0,12,75,165,,15,293,39,1,15,25,1,13,94,191,,8,,,,,,,,,,,,,,,,,,,,,,,5,0,0,0,0,0,1,0,0,0,1,0,0,0,0,0,,,0,0,4,0,142,9,1,5,10,0,6,31,102,,9,1,0,0,0,2,0,0,3,4,1,0,5,3,0,0,6,14,1,0,16,0,0,0,0,,,,,4,0,0,2,8,0,0,1,41,2,0,59,63,3,0,76,210,1,1,0,0,0,13,4,0,0,9,23,13,0,0,10,33,13,0,0,20,79,34,0,0,45,0,0,0,0,0,,,,,,9,3,0,0,6,10,6,0,0,4,121,59,1,0,61,99,1,0,110,201,4,3,0,0,1,7,4,0,0,3,19,9,0,0,10,19,6,0,0,13,60,27,0,0,33,1,0,0,0,1,,,,,,10,5,0,0,5,4,1,0,0,3,137,65,1,0,71,93,1,0,107,0,0,0,0,0,0,0,0,0,0,0,0,0,0,0,0,0,0,0,0,0,0,0,0,0,0,0,0,0,0,0,,,,,,0,0,0,0,0,0,0,0,0,0,0,0,0,0,0,0,0,0,0
00232300,University of Detroit Mercy,2024,629,21,0,44,30,0,15,110,318,,201,235,4,0,15,9,0,4,32,119,,84,392,17,0,29,21,0,11,78,199,,115,,,,,,,,,,,,,,,,,,,,,,,0,2,0,0,0,0,0,0,0,0,0,0,0,0,0,0,,,0,2,0,0,220,6,0,7,5,0,5,23,129,,68,0,0,0,0,1,0,0,6,4,0,0,1,1,0,0,5,8,0,0,15,0,0,0,0,,,,,2,0,0,3,31,0,2,35,50,0,0,79,89,0,2,129,203,0,0,0,0,0,13,5,0,0,8,10,2,0,0,8,7,3,0,0,4,33,11,0,0,22,0,0,0,0,0,,,,,,3,1,0,0,2,109,39,0,0,70,61,21,0,0,40,71,0,0,132,200,0,0,0,0,0,24,9,0,0,15,15,3,0,0,12,7,0,0,0,7,53,13,0,0,40,0,0,0,0,0,,,,,,7,1,0,0,6,24,14,0,0,10,123,45,0,0,78,72,0,0,128,6,0,0,0,0,0,0,0,0,0,0,0,0,0,0,0,1,0,0,0,1,1,0,0,0,1,0,0,0,0,0,,,,,,0,0,0,0,0,0,0,0,0,0,5,3,0,0,2,3,0,0,3
00232503,University of Michigan,2024,990,109,6,139,66,0,65,385,583,,22,475,48,2,55,31,0,35,171,297,,7,501,58,4,84,35,0,29,210,276,,15,,,,,,,,,,,,,,,,,,,,,,,14,0,0,0,0,0,0,0,3,0,4,0,0,0,1,0,,,0,0,10,0,323,38,1,39,24,0,26,128,189,,6,0,0,0,1,18,0,0,21,12,0,0,12,18,1,0,19,61,2,0,65,0,0,0,0,,,,,13,1,0,12,2,0,0,4,96,3,0,90,159,5,0,159,317,2,1,0,0,1,42,12,0,0,30,18,6,0,0,12,35,17,2,0,16,112,46,2,0,64,0,0,0,0,0,,,,,,15,10,0,0,5,9,1,0,0,8,196,101,3,0,92,148,5,0,164,350,3,1,0,0,2,58,25,0,0,33,24,13,0,0,11,36,13,0,0,23,145,64,0,0,81,0,0,0,0,0,,,,,,24,12,0,0,12,7,4,0,0,3,198,100,4,0,94,168,4,0,178,0,0,0,0,0,0,0,0,0,0,0,0,0,0,0,0,0,0,0,0,0,0,0,0,0,0,0,0,0,0,0,,,,,,0,0,0,0,0,0,0,0,0,0,0,0,0,0,0,0,0,0,0
00232902,Wayne State University,2024,389,3,1,20,33,0,23,80,298,,11,153,2,1,3,10,0,11,27,122,,4,233,1,0,17,23,0,12,53,175,,5,,,,,,,,,,,,,,,,,,,,,,,0,3,0,0,0,0,0,0,0,0,0,0,0,0,0,0,,,0,2,0,1,125,0,1,9,9,0,10,29,92,,4,1,0,0,0,1,0,0,8,3,0,0,6,0,0,0,0,9,0,0,20,0,0,0,0,,,,,4,0,0,6,0,0,1,3,38,0,1,53,47,0,2,76,123,0,0,0,0,0,6,1,0,0,5,10,2,0,0,8,0,0,0,0,0,22,8,0,0,14,0,0,0,0,0,,,,,,6,5,0,0,1,3,2,0,1,0,98,46,0,0,52,56,0,1,66,131,0,0,0,0,0,5,1,0,0,4,13,5,0,0,8,3,2,0,0,1,28,10,0,0,18,0,0,0,0,0,,,,,,7,2,0,0,5,4,2,0,0,2,99,35,0,0,64,47,0,0,84,10,0,0,0,0,0,0,0,0,0,0,1,0,0,0,1,0,0,0,0,0,1,0,0,0,1,0,0,0,0,0,,,,,,0,0,0,0,0,0,0,0,0,0,9,3,0,0,6,3,0,0,7
00234500,University of St. Thomas (Minnesota),2024,474,30,1,24,20,0,15,90,358,,26,194,11,1,8,8,0,6,34,147,,13,275,19,0,15,12,0,9,55,207,,13,,,,,,,,,,,,,,,,,,,,,,,0,5,0,0,0,1,0,0,0,0,0,1,0,0,0,0,,,0,0,0,4,244,15,0,13,11,0,9,48,185,,11,0,0,0,0,5,0,1,7,3,0,0,8,6,0,0,9,17,0,1,30,0,0,0,0,,,,,3,0,0,6,7,0,0,4,83,0,3,99,107,0,4,133,123,1,1,0,0,0,2,1,0,0,1,4,2,0,0,2,10,4,0,0,6,21,9,0,0,12,0,0,0,0,0,,,,,,4,1,0,0,3,8,3,0,0,5,94,33,0,1,60,45,0,1,77,107,0,0,0,0,0,9,2,0,0,7,5,3,0,0,2,5,1,0,0,4,21,8,0,0,13,0,0,0,0,0,,,,,,2,2,0,0,0,7,3,0,0,4,79,31,0,0,48,42,0,0,65,0,0,0,0,0,0,0,0,0,0,0,0,0,0,0,0,0,0,0,0,0,0,0,0,0,0,0,0,0,0,0,,,,,,0,0,0,0,0,0,0,0,0,0,0,0,0,0,0,0,0,0,0
00239101,Mitchell Hamline School of Law,2024,1167,118,33,63,113,4,2,333,743,,91,386,37,9,23,23,0,2,94,259,,33,620,72,23,32,78,2,0,207,380,,33,,,,,,,,,,,,,,,,,,,,,,,4,157,0,1,1,7,0,12,0,9,1,31,0,2,0,0,,,0,25,3,101,370,37,1,18,37,2,0,95,234,,41,1,0,0,0,6,0,3,9,5,0,10,22,8,0,4,25,20,0,18,57,0,0,1,1,,,,,0,0,0,0,12,0,9,20,85,0,50,99,117,0,77,176,364,14,3,0,1,10,18,6,0,4,8,34,3,0,2,29,40,12,0,4,24,107,24,0,12,71,1,0,0,1,0,,,,,,0,0,0,0,0,23,5,0,14,4,234,84,0,49,101,113,0,75,176,310,12,4,0,0,8,20,10,0,0,10,29,11,0,0,18,33,14,0,1,18,95,39,0,1,55,1,0,0,0,1,,,,,,0,0,0,0,0,11,7,0,1,3,204,61,2,2,139,107,2,4,197,123,6,1,0,0,5,7,1,1,0,5,13,4,0,0,9,8,3,0,0,5,36,11,1,0,24,0,0,0,0,0,,,,,,2,2,0,0,0,16,9,0,1,6,71,29,1,0,41,49,2,1,71
00241501,Mississippi College,2024,355,14,1,5,39,0,4,63,237,,55,182,7,1,2,11,0,2,23,123,,36,173,7,0,3,28,0,2,40,114,,19,,,,,,,,,,,,,,,,,,,,,,,0,0,0,0,0,0,0,0,0,0,0,0,0,0,0,0,,,0,0,0,0,139,5,1,4,15,0,4,29,107,,3,1,0,0,0,1,0,0,3,3,0,0,12,1,0,0,4,8,0,0,21,0,0,0,0,,,,,2,0,0,2,2,0,0,1,65,0,0,42,75,0,0,64,110,0,0,0,0,0,1,1,0,0,0,17,7,0,0,10,1,1,0,0,0,19,9,0,0,10,0,0,0,0,0,,,,,,0,0,0,0,0,29,18,0,0,11,62,27,0,0,35,54,0,0,56,106,0,0,0,0,0,0,0,0,0,0,7,1,0,0,6,8,5,0,0,3,15,6,0,0,9,0,0,0,0,0,,,,,,0,0,0,0,0,23,16,0,0,7,68,31,0,0,37,53,0,0,53,0,0,0,0,0,0,0,0,0,0,0,0,0,0,0,0,0,0,0,0,0,0,0,0,0,0,0,0,0,0,0,,,,,,0,0,0,0,0,0,0,0,0,0,0,0,0,0,0,0,0,0,0
00244000,University of Mississippi,2024,492,33,0,7,52,1,17,110,379,,3,240,12,0,2,15,0,7,36,202,,2,252,21,0,5,37,1,10,74,177,,1,,,,,,,,,,,,,,,,,,,,,,,0,0,0,0,0,0,0,0,0,0,0,0,0,0,0,0,,,0,0,0,0,163,11,0,2,13,1,3,30,130,,3,0,0,0,0,0,0,0,2,2,0,0,11,4,0,0,7,8,0,0,22,0,0,0,1,,,,,2,0,0,1,2,0,0,1,62,0,0,68,72,0,0,91,152,0,0,0,0,0,5,2,0,0,3,19,4,0,0,15,6,1,0,0,5,35,9,0,0,26,0,0,0,0,0,,,,,,5,2,0,0,3,0,0,0,0,0,117,62,0,0,55,71,0,0,81,177,0,0,0,0,0,0,0,0,0,0,20,9,0,0,11,16,7,0,0,9,45,19,0,0,26,0,0,0,0,0,,,,,,9,3,0,0,6,0,0,0,0,0,132,78,0,0,54,97,0,0,80,0,0,0,0,0,0,0,0,0,0,0,0,0,0,0,0,0,0,0,0,0,0,0,0,0,0,0,0,0,0,0,,,,,,0,0,0,0,0,0,0,0,0,0,0,0,0,0,0,0,0,0,0
00250609,Saint Louis University,2024,553,45,2,26,52,0,32,157,387,,9,219,12,0,7,14,0,13,46,168,,5,332,32,2,19,38,0,19,110,218,,4,,,,,,,,,,,,,,,,,,,,,,,2,0,0,0,0,0,0,0,1,0,1,0,0,0,0,0,,,0,0,1,0,198,18,1,7,19,0,7,52,137,,9,0,0,0,1,2,0,0,5,4,0,0,15,5,1,0,12,12,1,0,39,0,0,0,0,,,,,1,0,0,6,5,0,0,4,66,1,0,70,83,2,0,113,174,0,0,0,0,0,8,2,0,0,6,13,5,0,0,8,16,1,0,0,15,51,15,0,0,36,0,0,0,0,0,,,,,,14,7,0,0,7,0,0,0,0,0,123,44,0,0,79,59,0,0,115,166,1,0,0,0,1,9,2,0,0,7,18,4,0,0,14,11,6,0,0,5,49,17,0,0,32,0,0,0,0,0,,,,,,10,5,0,0,5,0,0,0,0,0,117,54,0,0,63,71,0,0,95,15,0,0,0,0,0,2,1,0,0,1,2,1,0,0,1,0,0,0,0,0,5,2,0,0,3,0,0,0,0,0,,,,,,1,0,0,0,1,0,0,0,0,0,10,4,0,0,6,6,0,0,9
00251600,University of Missouri,2024,371,20,2,9,12,0,12,55,259,,57,182,9,1,2,2,0,6,20,131,,31,189,11,1,7,10,0,6,35,128,,26,,,,,,,,,,,,,,,,,,,,,,,0,0,0,0,0,0,0,0,0,0,0,0,0,0,0,0,,,0,0,0,0,120,1,0,2,2,0,3,8,60,,52,0,0,0,0,1,0,0,1,0,0,0,2,0,0,0,1,2,0,0,6,0,0,0,0,,,,,1,0,0,2,28,0,0,24,34,0,0,26,64,0,0,56,123,1,1,0,0,0,2,1,0,0,1,7,1,0,0,6,8,4,0,0,4,23,10,0,0,13,0,0,0,0,0,,,,,,5,3,0,0,2,1,1,0,0,0,99,49,0,0,50,60,0,0,63,128,1,0,0,0,1,5,0,0,0,5,3,1,0,0,2,11,5,0,0,6,24,8,0,0,16,0,0,0,0,0,,,,,,4,2,0,0,2,4,2,0,0,2,100,48,0,0,52,58,0,0,70,0,0,0,0,0,0,0,0,0,0,0,0,0,0,0,0,0,0,0,0,0,0,0,0,0,0,0,0,0,0,0,,,,,,0,0,0,0,0,0,0,0,0,0,0,0,0,0,0,0,0,0,0
00251800,University of Missouri-Kansas City,2024,406,28,4,6,14,1,18,71,316,,19,205,14,4,3,4,1,6,32,158,,15,201,14,0,3,10,0,12,39,158,,4,,,,,,,,,,,,,,,,,,,,,,,0,0,0,0,0,0,0,0,0,0,0,0,0,0,0,0,,,0,0,0,0,151,10,0,3,3,1,4,21,118,,12,0,0,0,0,2,0,0,1,2,0,0,1,6,0,0,4,13,0,0,8,1,0,0,0,,,,,2,0,0,2,10,0,0,2,55,0,0,63,78,0,0,73,130,1,1,0,0,0,3,1,0,0,2,5,1,0,0,4,7,4,0,0,3,23,9,0,0,14,0,0,0,0,0,,,,,,7,2,0,0,5,6,5,0,0,1,101,49,0,0,52,63,0,0,67,125,3,3,0,0,0,0,0,0,0,0,6,1,0,0,5,11,4,0,0,7,27,10,0,0,17,0,0,0,0,0,,,,,,7,2,0,0,5,1,0,0,0,1,97,54,0,0,43,64,0,0,61,0,0,0,0,0,0,0,0,0,0,0,0,0,0,0,0,0,0,0,0,0,0,0,0,0,0,0,0,0,0,0,,,,,,0,0,0,0,0,0,0,0,0,0,0,0,0,0,0,0,0,0,0
00252000,Washington University,2024,781,57,0,174,61,1,32,325,440,,16,358,23,0,72,20,0,20,135,211,,12,409,34,0,98,41,1,11,185,220,,4,,,,,,,,,,,,,,,,,,,,,,,6,8,0,0,0,4,0,0,0,0,0,5,0,0,0,1,,,0,0,6,3,244,16,0,74,18,0,8,116,128,,0,0,0,0,0,32,0,4,38,4,0,0,14,6,0,0,10,49,0,4,63,0,0,0,0,,,,,7,0,0,1,0,0,0,0,62,0,3,63,111,0,7,126,263,0,0,0,0,0,54,29,0,0,25,25,11,0,0,14,19,11,0,0,8,114,58,0,1,55,0,0,0,0,0,,,,,,16,7,0,1,8,10,7,0,0,3,139,74,4,0,61,139,4,1,119,274,0,0,0,0,0,46,11,0,0,35,18,5,0,0,13,22,6,0,0,16,95,28,0,0,67,1,0,0,0,1,,,,,,8,6,0,0,2,6,5,0,0,1,173,75,2,0,96,108,2,0,164,0,0,0,0,0,0,0,0,0,0,0,0,0,0,0,0,0,0,0,0,0,0,0,0,0,0,0,0,0,0,0,,,,,,0,0,0,0,0,0,0,0,0,0,0,0,0,0,0,0,0,0,0
00253600,University of Montana,2024,269,16,9,4,4,0,18,51,213,,5,129,8,2,1,0,0,7,18,106,,5,139,8,6,3,4,0,11,32,107,,0,,,,,,,,,,,,,,,,,,,,,,,0,1,0,1,0,0,0,0,0,0,0,1,0,0,0,0,,,0,0,0,0,94,5,1,1,1,0,8,16,76,,2,0,0,0,1,0,0,0,1,0,0,0,1,2,0,0,3,5,0,0,11,0,0,0,0,,,,,3,0,0,5,2,0,0,0,41,0,0,35,48,0,0,46,90,1,0,0,0,1,3,1,0,0,2,2,0,0,0,2,8,4,0,0,4,19,8,0,0,11,0,0,0,0,0,,,,,,5,3,0,0,2,2,2,0,0,0,69,33,0,0,36,43,0,0,47,85,7,2,0,1,4,0,0,0,0,0,1,0,0,0,1,3,2,0,0,1,16,5,0,1,10,0,0,0,0,0,,,,,,5,1,0,0,4,1,1,0,0,0,68,32,0,0,36,38,0,1,46,0,0,0,0,0,0,0,0,0,0,0,0,0,0,0,0,0,0,0,0,0,0,0,0,0,0,0,0,0,0,0,,,,,,0,0,0,0,0,0,0,0,0,0,0,0,0,0,0,0,0,0,0
00254200,Creighton University,2024,384,59,1,8,23,4,17,112,268,,4,188,22,1,3,8,3,8,45,141,,2,195,37,0,5,14,1,9,66,127,,2,,,,,,,,,,,,,,,,,,,,,,,1,0,0,0,0,0,1,0,0,0,1,0,0,0,0,0,,,0,0,0,0,153,23,0,3,11,1,7,45,104,,4,0,0,0,0,1,0,0,2,4,0,0,7,8,0,0,15,18,0,0,27,0,0,0,1,,,,,5,0,0,2,2,0,0,2,56,0,0,48,76,0,0,77,116,1,1,0,0,0,2,0,0,0,2,5,0,1,0,4,23,11,0,0,12,38,16,1,0,21,3,3,0,0,0,,,,,,4,1,0,0,3,0,0,0,0,0,78,41,0,0,37,57,1,0,58,115,0,0,0,0,0,3,2,0,0,1,7,4,0,0,3,13,3,0,0,10,29,11,0,0,18,0,0,0,0,0,,,,,,6,2,0,0,4,0,0,0,0,0,86,44,0,0,42,55,0,0,60,0,0,0,0,0,0,0,0,0,0,0,0,0,0,0,0,0,0,0,0,0,0,0,0,0,0,0,0,0,0,0,,,,,,0,0,0,0,0,0,0,0,0,0,0,0,0,0,0,0,0,0,0
00256500,University of Nebraska,2024,444,44,4,18,13,2,5,86,349,,9,231,23,4,6,4,0,4,41,182,,8,213,21,0,12,9,2,1,45,167,,1,,,,,,,,,,,,,,,,,,,,,,,0,0,0,0,0,0,0,0,0,0,0,0,0,0,0,0,,,0,0,0,0,155,11,1,10,7,0,0,29,124,,2,1,0,0,0,3,0,0,7,2,0,0,5,4,0,0,7,10,0,0,19,0,0,0,0,,,,,0,0,0,0,2,0,0,0,53,0,0,71,65,0,0,90,143,1,1,0,0,0,4,2,0,0,2,5,2,0,0,3,18,11,0,0,7,30,16,0,0,14,1,0,0,0,1,,,,,,1,0,0,0,1,3,3,0,0,0,110,64,0,0,46,83,0,0,60,146,2,2,0,0,0,4,1,0,0,3,1,0,0,0,1,15,8,0,0,7,27,15,0,0,12,1,0,0,0,1,,,,,,4,4,0,0,0,4,3,0,0,1,115,65,0,0,50,83,0,0,63,0,0,0,0,0,0,0,0,0,0,0,0,0,0,0,0,0,0,0,0,0,0,0,0,0,0,0,0,0,0,0,,,,,,0,0,0,0,0,0,0,0,0,0,0,0,0,0,0,0,0,0,0
00256900,University of Nevada - Las Vegas,2024,416,82,5,36,19,1,34,177,221,,18,192,34,4,11,5,1,10,65,123,,4,214,46,1,24,13,0,24,108,94,,12,,,,,,,,,,,,,,,,,,,,,,,4,6,0,0,1,0,0,1,0,2,1,3,0,0,0,0,,,0,2,3,1,135,26,3,11,7,0,7,54,74,,7,2,0,0,1,4,1,0,6,2,0,0,5,13,0,1,12,24,1,1,28,0,0,0,0,,,,,3,0,0,4,0,0,1,6,40,3,1,30,64,4,3,64,149,1,1,0,0,0,16,4,0,0,12,9,2,0,1,6,30,9,0,1,20,67,19,0,2,46,0,0,0,0,0,,,,,,11,3,0,0,8,7,2,0,1,4,75,45,0,0,30,66,0,3,80,127,1,1,0,0,0,8,3,0,0,5,3,1,0,0,2,25,12,0,0,13,53,22,0,0,31,1,0,0,0,0,,,,,,15,4,0,0,11,4,2,0,0,2,70,36,0,0,34,60,0,0,67,5,0,0,0,0,0,1,0,0,0,1,0,0,0,0,0,1,0,0,0,1,3,0,0,0,3,0,1,0,0,0,,,,,,1,0,0,0,1,0,0,0,0,0,2,2,0,0,0,2,0,0,3
00258903,University of New Hampshire,2024,657,59,0,59,24,0,15,157,451,,49,337,32,0,30,9,0,7,78,228,,31,320,27,0,29,15,0,8,79,223,,18,,,,,,,,,,,,,,,,,,,,,,,0,0,0,0,0,0,0,0,0,0,0,0,0,0,0,0,,,0,0,0,0,331,37,0,37,12,0,8,94,204,,33,0,0,0,0,18,0,0,19,5,0,0,7,18,0,0,19,46,0,0,48,0,0,0,0,,,,,5,0,0,3,22,0,0,11,99,0,0,105,167,0,0,164,168,0,0,0,0,0,12,5,0,0,7,4,3,0,0,1,11,9,0,0,2,30,17,0,0,13,0,0,0,0,0,,,,,,3,0,0,0,3,10,4,0,0,6,128,64,0,0,64,85,0,0,83,158,0,0,0,0,0,10,7,0,0,3,8,1,0,0,7,11,5,0,0,6,33,15,0,0,18,0,0,0,0,0,,,,,,4,2,0,0,2,6,5,0,0,1,119,65,0,0,54,85,0,0,73,0,0,0,0,0,0,0,0,0,0,0,0,0,0,0,0,0,0,0,0,0,0,0,0,0,0,0,0,0,0,0,,,,,,0,0,0,0,0,0,0,0,0,0,0,0,0,0,0,0,0,0,0
00262900,Rutgers University,2024,1202,156,7,142,120,0,37,462,669,,71,516,53,4,50,37,0,12,156,321,,39,668,103,3,91,82,0,25,304,337,,27,,,,,,,,,,,,,,,,,,,,,,,10,8,0,0,1,0,1,0,0,0,2,0,0,0,0,0,,,1,4,7,4,390,62,2,52,46,0,21,183,193,,14,2,0,0,0,21,0,0,31,12,0,0,34,25,0,0,37,63,0,0,120,0,0,0,0,,,,,3,0,0,18,8,0,1,5,93,4,2,94,164,4,3,219,387,0,0,0,0,0,46,13,0,0,33,41,11,1,0,29,40,11,0,0,29,139,41,1,0,97,0,0,0,0,0,,,,,,12,6,0,0,6,15,7,1,2,5,233,105,3,1,124,153,5,3,226,360,3,1,0,0,2,39,15,0,0,24,23,10,0,0,13,47,13,0,0,34,116,42,0,0,74,0,0,0,0,0,,,,,,4,3,0,0,1,37,23,0,1,13,207,105,0,1,101,170,0,2,188,65,2,1,0,0,1,5,1,1,0,3,10,4,0,0,6,7,4,0,0,3,24,10,1,0,13,0,0,0,0,0,,,,,,0,0,0,0,0,5,1,0,0,4,36,18,0,0,18,29,1,0,35
00263201,Seton Hall University,2024,761,112,0,93,39,0,21,265,467,,29,359,37,0,34,14,0,9,94,249,,16,400,75,0,59,25,0,12,171,217,,12,,,,,,,,,,,,,,,,,,,,,,,0,2,0,0,0,0,0,0,0,0,0,0,0,0,0,0,,,0,1,0,1,289,40,0,47,14,0,8,109,167,,13,0,0,0,0,12,0,0,35,4,0,0,10,11,0,0,29,30,0,0,79,0,0,0,0,,,,,3,0,0,5,6,0,1,6,87,0,1,79,123,0,2,164,228,0,0,0,0,0,26,11,0,0,15,6,2,0,0,4,41,19,0,0,22,80,34,0,0,46,0,0,0,0,0,,,,,,7,2,0,0,5,6,4,0,0,2,142,79,0,0,63,117,0,0,111,205,0,0,0,0,0,15,8,0,0,7,18,7,0,0,11,29,7,0,0,22,68,26,0,0,42,0,0,0,0,0,,,,,,6,4,0,0,2,5,2,0,0,3,132,70,0,0,62,98,0,0,107,39,0,0,0,0,0,5,3,0,0,2,1,1,0,0,0,2,0,0,0,2,8,4,0,0,4,0,0,0,0,0,,,,,,0,0,0,0,0,5,4,0,0,1,26,13,0,0,13,21,0,0,18
00266300,University of New Mexico,2024,290,124,11,8,11,0,10,164,114,,12,127,55,3,2,5,0,6,71,51,,5,159,67,8,6,6,0,4,91,62,,6,,,,,,,,,,,,,,,,,,,,,,,2,2,0,0,0,0,0,0,1,1,1,1,0,0,0,0,,,0,1,1,0,99,44,5,2,2,0,5,58,36,,5,2,0,0,3,1,0,0,1,1,0,0,1,18,1,0,25,24,1,0,33,0,0,0,0,,,,,2,0,0,3,3,0,1,1,11,1,0,24,38,2,1,58,90,3,1,0,0,2,5,1,0,0,4,5,2,0,0,3,37,21,0,0,16,52,27,0,0,25,0,0,0,0,0,,,,,,2,2,0,0,0,4,1,0,0,3,34,14,0,0,20,42,0,0,48,101,3,0,0,0,3,1,0,0,0,1,4,2,0,0,2,43,16,0,1,26,54,20,0,1,33,0,0,0,0,0,,,,,,3,2,0,0,1,3,1,0,0,2,44,26,0,0,18,47,0,1,53,0,0,0,0,0,0,0,0,0,0,0,0,0,0,0,0,0,0,0,0,0,0,0,0,0,0,0,0,0,0,0,,,,,,0,0,0,0,0,0,0,0,0,0,0,0,0,0,0,0,0,0,0
00267700,Brooklyn Law School,2024,1114,153,0,167,59,0,30,409,650,,55,420,56,0,50,16,0,12,134,264,,22,675,97,0,116,42,0,16,271,375,,29,,,,,,,,,,,,,,,,,,,,,,,13,6,0,0,1,0,1,0,0,0,3,1,0,0,1,1,,,0,4,10,1,387,56,0,57,21,0,14,148,209,,30,0,0,0,0,23,0,0,34,5,1,0,15,21,0,0,35,55,1,0,92,0,0,0,0,,,,,6,0,0,8,14,0,2,14,91,3,0,115,160,4,2,221,352,0,0,0,0,0,56,14,1,0,41,19,4,0,0,15,45,17,0,0,28,127,37,2,1,87,0,0,0,0,0,,,,,,7,2,1,1,3,9,3,0,1,5,216,71,4,0,141,111,6,2,233,355,0,0,0,0,0,48,12,0,0,36,17,6,0,0,11,50,18,0,0,32,123,40,0,0,83,0,0,0,0,0,,,,,,8,4,0,0,4,15,5,0,1,9,217,99,3,1,114,144,3,2,206,20,0,0,0,0,0,6,1,0,0,5,2,1,0,0,1,2,0,0,0,2,11,2,0,0,9,0,0,0,0,0,,,,,,1,0,0,0,1,1,0,0,0,1,8,3,0,0,5,5,0,0,15
00270711,Columbia University,2024,1353,141,3,393,147,0,16,700,552,,101,608,62,1,156,64,0,4,287,274,,47,694,73,2,227,79,0,12,393,258,,43,,,,,,,,,,,,,,,,,,,,,,,0,51,0,0,0,10,0,4,0,6,0,20,0,0,0,0,,,0,11,0,20,398,36,0,139,42,0,15,232,137,,29,0,0,0,0,50,0,4,85,15,0,2,25,9,0,1,26,77,0,7,148,0,0,0,0,,,,,3,0,0,12,13,0,3,13,74,0,5,58,164,0,15,219,486,1,0,0,0,1,130,50,0,4,76,52,24,0,2,26,55,27,0,1,27,239,102,0,7,130,0,0,0,0,0,,,,,,1,1,0,0,0,45,22,0,6,17,202,100,0,5,97,224,0,18,244,469,2,1,0,0,1,124,56,0,2,66,53,25,0,0,28,50,26,0,4,20,229,108,0,6,115,0,0,0,0,0,,,,,,0,0,0,0,0,27,12,0,2,13,213,100,0,10,103,220,0,18,231,0,0,0,0,0,0,0,0,0,0,0,0,0,0,0,0,0,0,0,0,0,0,0,0,0,0,0,0,0,0,0,,,,,,0,0,0,0,0,0,0,0,0,0,0,0,0,0,0,0,0,0,0
00271101,Cornell University,2024,600,69,4,86,40,0,10,209,240,,151,317,35,3,42,23,0,4,107,139,,71,279,34,1,44,17,0,6,102,98,,79,,,,,,,,,,,,,,,,,,,,,,,4,0,0,0,0,0,0,0,0,0,0,0,0,0,0,0,,,1,0,3,0,218,16,2,44,13,0,5,80,75,,63,2,0,0,0,20,0,0,24,11,0,0,2,6,0,0,10,40,0,0,40,0,0,0,0,,,,,1,0,0,4,32,0,0,31,44,3,0,28,116,3,0,99,194,2,1,0,0,1,22,11,0,0,11,8,5,0,0,3,30,14,0,0,16,65,33,0,0,32,0,0,0,0,0,,,,,,3,2,0,0,1,39,19,0,0,20,90,49,0,0,41,101,0,0,93,188,0,0,0,0,0,20,11,0,0,9,19,7,0,0,12,23,15,0,0,8,64,34,0,0,30,0,0,0,0,0,,,,,,2,1,0,0,1,49,20,1,0,28,75,46,0,0,29,100,1,0,87,0,0,0,0,0,0,0,0,0,0,0,0,0,0,0,0,0,0,0,0,0,0,0,0,0,0,0,0,0,0,0,,,,,,0,0,0,0,0,0,0,0,0,0,0,0,0,0,0,0,0,0,0
00272203,Fordham University,2024,1335,163,0,170,101,0,41,475,820,,40,578,64,0,54,26,0,15,159,395,,24,755,99,0,116,74,0,25,314,425,,16,,,,,,,,,,,,,,,,,,,,,,,0,2,0,0,0,0,0,1,0,0,0,2,0,0,0,1,,,0,0,0,0,439,62,0,53,21,0,13,149,263,,27,0,0,0,0,11,0,0,42,8,0,0,13,26,0,0,36,52,0,0,97,0,0,0,0,,,,,7,0,0,6,17,0,0,10,123,0,0,140,192,0,0,247,436,0,0,0,0,0,62,25,0,0,37,45,13,0,0,32,38,10,0,0,28,158,52,0,0,106,0,0,0,0,0,,,,,,13,4,0,0,9,3,1,0,0,2,275,130,0,0,145,183,0,0,253,418,0,0,0,0,0,48,16,0,0,32,30,5,0,1,24,58,27,0,0,31,150,52,0,2,96,0,0,0,0,0,,,,,,14,4,0,1,9,9,5,0,0,4,259,129,0,0,130,186,0,2,230,42,0,0,0,0,0,7,2,0,0,5,5,0,0,0,5,5,1,0,0,4,18,3,0,0,15,0,0,0,0,0,,,,,,1,0,0,0,1,1,1,0,0,0,23,13,0,0,10,17,0,0,25
00273200,Hofstra University,2024,812,100,2,54,58,1,21,236,522,,54,396,40,0,27,22,1,3,93,275,,28,414,60,2,27,36,0,18,143,247,,24,,,,,,,,,,,,,,,,,,,,,,,0,2,0,0,0,0,0,0,0,0,0,0,0,0,0,0,,,0,2,0,0,276,37,1,13,17,1,13,82,169,,25,0,0,0,1,8,0,0,5,7,0,0,10,14,0,0,23,33,0,0,49,1,0,0,0,,,,,3,0,0,10,13,0,0,12,88,0,0,81,134,0,0,142,261,0,0,0,0,0,18,6,0,0,12,21,9,0,0,12,28,10,0,0,18,69,25,0,0,44,0,0,0,0,0,,,,,,2,0,0,0,2,12,6,0,2,4,180,89,0,0,91,120,0,2,139,260,1,0,0,0,1,23,13,0,0,10,16,5,0,0,11,35,16,0,0,19,81,34,0,0,47,0,0,0,0,0,,,,,,6,0,0,0,6,13,8,0,0,5,166,93,0,0,73,135,0,0,125,15,0,0,0,0,0,0,0,0,0,0,4,1,0,0,3,0,0,0,0,0,4,1,0,0,3,0,0,0,0,0,,,,,,0,0,0,0,0,4,1,0,0,3,7,5,0,0,2,7,0,0,8
00278300,New York Law School,2024,1057,150,0,101,48,0,37,336,664,,57,374,58,0,28,9,0,13,108,243,,23,670,90,0,72,39,0,24,225,413,,32,,,,,,,,,,,,,,,,,,,,,,,4,9,0,0,0,1,0,0,1,1,1,2,0,0,0,0,,,0,2,3,5,389,73,0,40,21,0,13,147,228,,14,0,0,0,0,11,0,0,29,5,0,0,16,28,1,0,44,50,1,0,96,0,0,0,0,,,,,6,0,0,7,7,0,0,7,91,3,0,134,148,4,0,237,324,0,0,0,0,0,27,3,0,1,23,15,3,0,0,12,42,17,0,1,24,96,25,0,2,69,0,0,0,0,0,,,,,,12,2,0,0,10,20,7,0,1,12,208,77,0,2,129,109,0,5,210,309,0,0,0,0,0,33,14,0,0,19,9,1,0,0,8,29,12,0,0,17,83,32,0,0,51,0,0,0,0,0,,,,,,12,5,0,0,7,22,9,0,1,12,204,69,0,3,132,110,0,4,195,35,0,0,0,0,0,1,0,0,0,1,3,0,0,0,3,6,1,0,0,5,10,1,0,0,9,0,0,0,0,0,,,,,,0,0,0,0,0,1,0,0,0,1,24,6,0,0,18,7,0,0,28
00278500,New York University,2024,1324,135,1,302,91,0,59,588,684,,52,527,48,0,91,22,0,21,182,318,,27,768,83,1,201,67,0,37,389,356,,23,,,,,,,,,,,,,,,,,,,,,,,27,2,0,0,9,1,2,0,4,0,16,1,0,0,1,0,,,2,0,9,1,436,45,0,105,29,0,11,190,233,,13,0,0,0,0,34,5,0,66,4,1,0,24,18,1,0,26,62,7,0,121,0,0,0,0,,,,,6,0,0,5,6,1,0,6,98,6,0,129,166,14,0,256,470,1,0,0,0,1,113,33,4,0,76,31,10,1,0,20,47,17,3,0,27,220,68,9,0,143,0,0,0,0,0,,,,,,28,8,1,0,19,16,6,0,0,10,234,104,3,0,127,178,12,0,280,418,0,0,0,0,0,84,24,0,1,59,31,8,0,0,23,43,13,0,0,30,178,52,0,1,125,0,0,0,0,0,,,,,,20,7,0,0,13,23,15,1,0,7,217,116,0,1,100,183,1,2,232,0,0,0,0,0,0,0,0,0,0,0,0,0,0,0,0,0,0,0,0,0,0,0,0,0,0,0,0,0,0,0,,,,,,0,0,0,0,0,0,0,0,0,0,0,0,0,0,0,0,0,0,0
00279102,Pace University,2024,843,96,1,51,46,0,88,282,549,,12,302,31,0,10,12,0,27,80,216,,6,541,65,1,41,34,0,61,202,333,,6,,,,,,,,,,,,,,,,,,,,,,,0,0,0,0,0,0,0,0,0,0,0,0,0,0,0,0,,,0,0,0,0,267,30,0,18,20,0,27,95,167,,5,0,0,0,0,3,0,0,15,3,0,0,17,6,0,0,24,18,0,0,77,0,0,0,0,,,,,6,0,0,21,3,0,0,2,66,0,0,101,87,0,0,180,266,0,0,0,0,0,19,5,0,0,14,16,3,0,0,13,25,8,0,0,17,79,25,0,0,54,0,0,0,0,0,,,,,,19,9,0,0,10,2,1,0,0,1,185,70,0,0,115,96,0,0,170,260,0,0,0,0,0,12,1,0,0,11,7,4,0,0,3,31,15,0,0,16,82,28,0,0,54,0,0,0,0,0,,,,,,32,8,0,0,24,4,1,0,0,3,174,71,0,0,103,100,0,0,160,50,1,0,0,0,1,2,1,0,0,1,3,2,0,0,1,10,2,0,0,8,26,9,0,0,17,0,0,0,0,0,,,,,,10,4,0,0,6,1,1,0,0,0,23,9,0,0,14,19,0,0,31
00282300,"St. John's University",2024,765,124,0,102,55,1,33,315,440,,10,354,51,0,36,20,1,15,123,225,,6,410,73,0,66,35,0,18,192,215,,3,,,,,,,,,,,,,,,,,,,,,,,0,1,0,0,0,0,0,0,0,0,0,0,0,0,0,0,,,0,1,0,0,251,44,0,42,11,0,10,107,140,,4,0,0,0,0,14,0,0,28,3,0,0,8,18,0,0,26,40,0,0,67,0,0,0,0,,,,,5,0,0,5,3,0,0,1,75,0,0,65,118,0,0,133,273,0,0,0,0,0,40,11,0,0,29,16,5,0,0,11,53,19,0,0,34,120,41,0,0,79,0,0,0,0,0,,,,,,11,6,0,0,5,4,1,0,1,2,149,86,0,0,63,128,0,1,144,239,0,0,0,0,0,20,11,0,0,9,28,12,0,0,16,27,14,0,0,13,88,42,0,0,46,1,0,0,0,0,,,,,,12,4,0,0,8,2,2,0,0,0,149,62,0,0,87,106,0,0,133,2,0,0,0,0,0,0,0,0,0,0,0,0,0,0,0,0,0,0,0,0,0,0,0,0,0,0,1,0,0,0,,,,,,0,0,0,0,0,0,0,0,0,0,2,2,0,0,0,2,0,0,0
00283700,University of Buffalo-SUNY,2024,412,20,0,27,24,0,18,89,311,,12,172,7,0,5,7,0,8,27,137,,8,239,13,0,22,17,0,10,62,173,,4,,,,,,,,,,,,,,,,,,,,,,,0,1,0,0,0,0,0,0,0,0,0,0,0,0,0,0,,,0,0,0,1,149,5,0,10,11,0,5,31,114,,4,0,0,0,0,0,0,0,10,4,0,0,7,1,0,0,4,6,0,0,25,0,0,0,0,,,,,1,0,0,4,3,0,0,1,51,0,0,63,60,0,0,89,128,0,0,0,0,0,9,1,0,0,8,9,2,0,0,7,3,1,0,0,2,28,8,0,0,20,0,0,0,0,0,,,,,,7,4,0,0,3,6,4,0,0,2,94,41,0,1,52,53,0,1,74,135,0,0,0,0,0,8,4,0,0,4,4,1,0,0,3,12,5,0,0,7,30,13,0,0,17,0,0,0,0,0,,,,,,6,3,0,0,3,2,1,0,0,1,103,45,0,0,58,59,0,0,76,0,0,0,0,0,0,0,0,0,0,0,0,0,0,0,0,0,0,0,0,0,0,0,0,0,0,0,0,0,0,0,,,,,,0,0,0,0,0,0,0,0,0,0,0,0,0,0,0,0,0,0,0
00288200,Syracuse University,2024,720,71,2,40,58,3,26,200,455,,65,294,27,2,18,21,1,8,77,185,,32,424,44,0,22,37,2,17,122,270,,32,,,,,,,,,,,,,,,,,,,,,,,2,0,0,0,0,0,0,0,0,0,1,0,0,0,1,0,,,1,0,0,0,329,36,2,18,33,1,11,101,191,,37,2,0,0,0,9,0,0,9,14,0,0,19,13,0,0,23,44,1,0,56,1,0,0,0,,,,,5,1,0,5,17,1,0,19,74,0,0,117,135,2,0,192,208,0,0,0,0,0,11,6,0,0,5,11,3,0,0,8,17,5,0,0,12,46,15,0,0,31,2,0,0,0,2,,,,,,5,1,0,0,4,16,7,0,0,9,146,63,0,0,83,85,0,0,123,183,0,0,0,0,0,11,3,0,0,8,14,4,0,0,10,18,9,0,0,9,53,18,0,0,35,0,0,0,0,0,,,,,,10,2,0,0,8,12,8,0,0,4,118,48,0,0,70,74,0,0,109,0,0,0,0,0,0,0,0,0,0,0,0,0,0,0,0,0,0,0,0,0,0,0,0,0,0,0,0,0,0,0,,,,,,0,0,0,0,0,0,0,0,0,0,0,0,0,0,0,0,0,0,0
00288600,Albany Law School of Union University,2024,591,51,1,39,30,0,7,128,416,,47,272,25,0,13,8,0,3,49,197,,26,311,26,1,26,22,0,4,79,212,,20,,,,,,,,,,,,,,,,,,,,,,,8,0,0,0,0,0,0,0,0,0,0,0,0,0,0,0,,,1,0,7,0,217,17,0,15,11,0,1,44,149,,24,0,0,0,0,6,0,0,9,3,0,0,8,10,0,0,7,19,0,0,25,0,0,0,0,,,,,0,0,0,1,15,0,0,9,70,2,0,77,104,2,0,111,181,1,0,0,0,1,12,3,0,0,9,7,1,0,0,6,24,10,0,0,14,46,15,0,0,31,0,0,0,0,0,,,,,,2,1,0,0,1,12,7,0,0,5,123,62,4,0,57,84,4,0,93,193,0,0,0,0,0,12,4,0,0,8,12,4,0,0,8,10,5,0,0,5,38,15,0,0,23,0,0,0,0,0,,,,,,4,2,0,0,2,11,4,1,0,6,144,65,1,0,78,84,2,0,107,0,0,0,0,0,0,0,0,0,0,0,0,0,0,0,0,0,0,0,0,0,0,0,0,0,0,0,0,0,0,0,,,,,,0,0,0,0,0,0,0,0,0,0,0,0,0,0,0,0,0,0,0
00290301,Cardozo School of Law,2024,932,99,1,143,35,0,27,305,530,,97,359,27,0,35,14,0,14,90,216,,53,561,71,1,106,21,0,12,211,311,,39,,,,,,,,,,,,,,,,,,,,,,,3,9,0,0,1,1,0,0,0,1,1,3,0,0,0,1,,,0,5,2,1,323,36,0,48,9,0,12,105,196,,22,0,0,0,0,7,0,0,41,4,0,0,5,10,0,1,25,29,0,1,75,0,0,0,0,,,,,8,0,0,4,12,0,1,9,81,0,1,114,122,0,3,198,305,1,0,0,0,1,47,15,1,1,30,13,4,0,0,9,30,7,0,0,23,102,29,1,2,70,0,0,0,0,0,,,,,,11,3,0,1,7,43,22,0,2,19,160,66,2,0,92,117,3,4,181,304,0,0,0,0,0,48,13,0,0,35,13,6,0,0,7,33,10,0,0,23,98,32,0,0,66,0,0,0,0,0,,,,,,4,3,0,0,1,32,19,0,2,11,174,69,0,0,105,120,0,2,182,0,0,0,0,0,0,0,0,0,0,0,0,0,0,0,0,0,0,0,0,0,0,0,0,0,0,0,0,0,0,0,,,,,,0,0,0,0,0,0,0,0,0,0,0,0,0,0,0,0,0,0,0
00291300,Campbell University,2024,545,64,7,18,26,0,14,129,401,,15,219,19,3,5,11,0,3,41,172,,6,323,45,4,13,15,0,11,88,228,,7,,,,,,,,,,,,,,,,,,,,,,,0,3,0,0,0,0,0,0,0,0,0,0,0,0,0,0,,,0,2,0,1,200,42,4,7,11,0,2,66,128,,6,2,0,0,2,4,0,0,3,5,0,0,6,13,0,0,29,25,0,0,41,0,0,0,0,,,,,1,0,0,1,2,0,0,4,51,0,1,76,78,0,1,121,158,1,0,0,0,1,8,1,0,0,7,8,3,0,0,5,12,4,0,0,8,35,9,0,0,26,0,0,0,0,0,,,,,,6,1,0,0,5,8,4,0,2,2,115,54,0,0,61,67,0,2,89,187,2,1,0,0,1,3,0,0,0,3,7,3,0,0,4,10,2,0,0,8,28,7,0,0,21,0,0,0,0,0,,,,,,6,1,0,0,5,1,0,0,0,1,158,67,0,0,91,74,0,0,113,0,0,0,0,0,0,0,0,0,0,0,0,0,0,0,0,0,0,0,0,0,0,0,0,0,0,0,0,0,0,0,,,,,,0,0,0,0,0,0,0,0,0,0,0,0,0,0,0,0,0,0,0
00292002,Duke University,2024,726,77,1,146,59,0,32,315,378,,33,327,32,1,54,20,0,12,119,194,,14,395,44,0,91,39,0,20,194,182,,19,,,,,,,,,,,,,,,,,,,,,,,0,4,0,0,0,1,0,0,0,1,0,2,0,0,0,0,,,0,0,0,2,250,25,0,43,24,0,7,99,123,,28,0,0,0,0,18,0,0,25,9,0,0,15,9,0,0,16,39,0,0,60,0,0,0,0,,,,,3,0,0,4,11,0,0,17,64,0,0,59,114,0,0,136,247,1,1,0,0,0,56,14,0,1,41,18,9,0,0,9,28,16,0,0,12,119,46,0,1,72,0,0,0,0,0,,,,,,16,6,0,0,10,3,2,0,0,1,125,62,0,1,62,110,0,2,135,229,0,0,0,0,0,47,22,0,0,25,17,2,0,0,15,24,7,0,1,16,97,34,0,1,62,0,0,0,0,0,,,,,,9,3,0,0,6,2,1,0,0,1,130,68,0,1,61,103,0,2,124,0,0,0,0,0,0,0,0,0,0,0,0,0,0,0,0,0,0,0,0,0,0,0,0,0,0,0,0,0,0,0,,,,,,0,0,0,0,0,0,0,0,0,0,0,0,0,0,0,0,0,0,0
00292701,Elon University,2024,479,43,5,10,46,0,4,108,356,,15,179,18,2,2,11,0,1,34,138,,7,296,25,3,8,35,0,3,74,214,,8,,,,,,,,,,,,,,,,,,,,,,,3,1,0,0,0,0,0,0,0,0,0,0,0,0,0,0,,,0,0,3,1,206,19,2,4,26,0,4,55,140,,11,0,0,0,2,1,0,0,3,6,0,0,20,10,0,0,9,18,0,0,37,0,0,0,0,,,,,1,0,0,3,6,0,0,5,54,3,1,82,78,3,1,124,138,1,1,0,0,0,3,0,0,0,3,6,0,0,0,6,14,5,0,0,9,24,6,0,0,18,0,0,0,0,0,,,,,,0,0,0,0,0,1,0,0,0,1,113,44,0,0,69,50,0,0,88,135,2,1,0,0,1,3,1,0,0,2,14,5,0,0,9,10,3,0,0,7,29,10,0,0,19,0,0,0,0,0,,,,,,0,0,0,0,0,3,1,0,0,2,103,40,0,0,63,51,0,0,84,0,0,0,0,0,0,0,0,0,0,0,0,0,0,0,0,0,0,0,0,0,0,0,0,0,0,0,0,0,0,0,,,,,,0,0,0,0,0,0,0,0,0,0,0,0,0,0,0,0,0,0,0
00295000,North Carolina Central University,2024,390,33,15,12,221,0,5,286,98,,6,122,11,5,4,56,0,1,77,42,,3,258,21,10,7,162,0,4,204,51,,3,,,,,,,,,,,,,,,,,,,,,,,10,0,0,0,1,0,3,0,1,0,5,0,0,0,0,0,,,0,0,5,0,134,5,5,9,78,0,1,98,34,,2,1,0,0,4,3,1,0,5,22,0,0,56,2,0,0,3,28,1,0,69,0,0,0,0,,,,,0,0,0,1,1,0,0,1,16,3,0,15,45,4,0,85,106,3,1,0,0,2,2,1,0,0,1,57,13,2,0,42,13,4,1,0,8,76,19,3,0,54,0,0,0,0,0,,,,,,1,0,0,0,1,1,1,0,0,0,29,17,1,0,11,37,4,0,65,133,6,2,0,0,4,1,0,0,0,1,81,20,1,0,60,13,3,0,0,10,103,26,1,0,76,0,0,0,0,0,,,,,,2,1,0,0,1,2,1,0,0,1,28,8,1,0,19,35,2,0,96,17,1,1,0,0,0,0,0,0,0,0,5,1,0,0,4,2,2,0,0,0,9,4,0,0,5,0,0,0,0,0,,,,,,1,0,0,0,1,1,0,0,0,1,7,1,0,0,6,5,0,0,12
00297400,University of North Carolina,2024,544,52,0,49,39,1,34,175,344,,25,246,14,0,13,14,1,19,61,169,,16,292,38,0,35,25,0,15,113,170,,9,,,,,,,,,,,,,,,,,,,,,,,3,3,0,0,1,0,0,0,0,0,1,0,0,0,0,0,,,0,0,2,3,181,13,0,15,9,0,6,43,115,,23,0,0,0,0,3,1,0,11,3,0,0,6,4,0,0,9,14,1,0,28,0,0,0,0,,,,,4,0,0,2,14,0,0,9,56,2,2,55,84,3,2,92,185,0,0,0,0,0,17,3,0,0,14,14,3,0,0,11,20,4,0,0,16,63,18,0,0,45,0,0,0,0,0,,,,,,12,8,0,0,4,1,1,0,0,0,121,56,0,1,64,75,0,1,109,178,0,0,0,0,0,17,7,0,0,10,16,8,0,0,8,19,6,0,0,13,69,29,0,0,40,1,0,0,0,0,,,,,,16,7,0,0,9,1,1,0,0,0,108,57,0,0,51,87,0,0,91,0,0,0,0,0,0,0,0,0,0,0,0,0,0,0,0,0,0,0,0,0,0,0,0,0,0,0,1,0,0,0,,,,,,0,0,0,0,0,0,0,0,0,0,0,0,0,0,0,0,0,0,0
00297805,Wake Forest University,2024,517,30,1,26,26,0,9,92,409,,16,249,16,1,15,10,0,6,48,190,,11,267,14,0,11,16,0,3,44,219,,4,,,,,,,,,,,,,,,,,,,,,,,0,1,0,0,0,0,0,0,0,0,0,0,0,0,0,0,,,0,1,0,0,192,11,0,7,4,0,3,25,155,,12,0,0,0,0,4,0,0,3,2,0,0,2,6,0,0,5,14,0,0,11,0,0,0,0,,,,,2,0,0,1,10,0,0,2,77,0,0,78,101,0,0,91,167,1,1,0,0,0,13,7,0,0,6,6,3,0,0,3,9,5,0,0,4,35,20,0,0,15,0,0,0,0,0,,,,,,6,4,0,0,2,1,0,0,1,0,131,53,0,0,78,73,0,1,93,158,0,0,0,0,0,6,4,0,0,2,16,5,0,0,11,10,5,0,0,5,32,14,0,0,18,0,0,0,0,0,,,,,,0,0,0,0,0,3,1,0,0,2,123,60,0,0,63,75,0,0,83,0,0,0,0,0,0,0,0,0,0,0,0,0,0,0,0,0,0,0,0,0,0,0,0,0,0,0,0,0,0,0,,,,,,0,0,0,0,0,0,0,0,0,0,0,0,0,0,0,0,0,0,0
00300500,University of North Dakota,2024,227,3,0,13,9,0,21,46,163,,18,111,0,0,5,5,0,12,22,79,,10,116,3,0,8,4,0,9,24,84,,8,,,,,,,,,,,,,,,,,,,,,,,0,0,0,0,0,0,0,0,0,0,0,0,0,0,0,0,,,0,0,0,0,82,0,0,8,2,0,10,20,58,,4,0,0,0,0,2,0,0,6,1,0,0,1,0,0,0,0,10,0,0,10,0,0,0,0,,,,,7,0,0,3,2,0,0,2,22,0,0,36,34,0,0,48,72,0,0,0,0,0,3,2,0,0,1,3,1,0,0,2,3,0,0,0,3,13,5,0,0,8,0,0,0,0,0,,,,,,4,2,0,0,2,12,6,0,0,6,47,24,0,0,23,35,0,0,37,73,0,0,0,0,0,2,1,0,0,1,4,3,0,0,1,0,0,0,0,0,13,7,0,0,6,0,0,0,0,0,,,,,,7,3,0,0,4,2,2,0,0,0,58,33,0,0,25,42,0,0,31,0,0,0,0,0,0,0,0,0,0,0,0,0,0,0,0,0,0,0,0,0,0,0,0,0,0,0,0,0,0,0,,,,,,0,0,0,0,0,0,0,0,0,0,0,0,0,0,0,0,0,0,0
00302302,Capital University,2024,461,15,1,13,34,0,22,85,356,,20,198,4,1,2,9,0,10,26,161,,11,263,11,0,11,25,0,12,59,195,,9,,,,,,,,,,,,,,,,,,,,,,,0,0,0,0,0,0,0,0,0,0,0,0,0,0,0,0,,,0,0,0,0,184,9,0,5,17,0,6,37,139,,8,0,0,0,0,1,0,0,4,3,0,0,14,1,0,0,8,7,0,0,30,0,0,0,0,,,,,2,0,0,4,4,0,0,4,58,0,0,81,69,0,0,115,155,0,0,0,0,0,4,0,0,0,4,12,5,0,0,7,2,1,0,0,1,27,10,0,0,17,0,0,0,0,0,,,,,,9,4,0,0,5,6,3,0,0,3,122,59,0,0,63,72,0,0,83,103,1,1,0,0,0,4,1,0,0,3,5,1,0,0,4,4,2,0,0,2,20,9,0,0,11,0,0,0,0,0,,,,,,6,4,0,0,2,5,3,0,0,2,78,37,0,0,41,49,0,0,54,19,0,0,0,0,0,0,0,0,0,0,0,0,0,0,0,0,0,0,0,0,1,0,0,0,1,0,0,0,0,0,,,,,,1,0,0,0,1,1,1,0,0,0,17,7,0,0,10,8,0,0,11
00302400,Case Western Reserve University,2024,508,40,1,49,34,1,9,134,374,,0,222,22,1,27,13,0,3,66,156,,0,279,17,0,20,20,1,6,64,215,,0,,,,,,,,,,,,,,,,,,,,,,,7,0,0,0,2,0,1,0,1,0,4,0,0,0,0,0,,,0,0,3,0,198,21,1,17,14,0,8,61,137,,0,1,0,0,0,13,0,0,4,4,1,0,9,11,1,0,9,32,2,0,27,0,0,0,0,,,,,3,0,0,5,0,0,0,0,56,0,0,81,88,2,0,108,162,0,0,0,0,0,18,8,0,0,10,11,3,0,0,8,10,5,0,0,5,39,16,0,0,23,0,0,0,0,0,,,,,,0,0,0,0,0,0,0,0,0,0,123,56,1,0,66,72,1,0,89,147,0,0,0,0,0,14,6,2,0,6,9,6,0,0,3,9,6,0,0,3,34,18,2,0,14,1,0,0,0,1,,,,,,1,0,0,0,1,0,0,0,0,0,113,44,2,0,67,62,4,0,81,1,0,0,0,0,0,0,0,0,0,0,0,0,0,0,0,0,0,0,0,0,0,0,0,0,0,0,0,0,0,0,,,,,,0,0,0,0,0,0,0,0,0,0,1,0,0,0,1,0,0,0,1
00303200,Cleveland State University,2024,467,4,1,15,40,2,28,90,343,,34,222,2,0,3,13,0,13,31,174,,17,239,2,1,11,27,2,15,58,166,,15,,,,,,,,,,,,,,,,,,,,,,,1,5,0,0,1,0,0,0,0,0,1,0,0,0,0,0,,,0,2,0,3,192,0,0,6,12,0,16,34,140,,18,0,0,0,0,2,0,0,4,4,0,0,8,0,0,0,0,16,0,0,18,0,0,0,0,,,,,10,0,0,6,9,0,1,8,82,0,2,56,107,0,3,82,121,1,0,0,0,1,6,0,1,0,5,8,3,0,0,5,2,2,0,0,0,29,7,1,0,21,2,0,0,0,2,,,,,,10,2,0,0,8,7,4,0,1,2,85,43,0,1,41,54,1,2,64,131,0,0,0,0,0,3,1,0,0,2,15,4,0,0,11,2,0,0,0,2,22,6,0,0,16,0,0,0,0,0,,,,,,2,1,0,0,1,8,4,0,0,4,101,43,0,0,58,53,0,0,78,23,0,0,0,0,0,0,0,0,0,0,5,2,0,0,3,0,0,0,0,0,5,2,0,0,3,0,0,0,0,0,,,,,,0,0,0,0,0,1,0,0,0,1,17,6,0,0,11,8,0,0,15
00308900,Ohio Northern University,2024,241,15,3,6,27,1,0,52,178,,11,101,10,1,3,10,0,0,24,72,,5,138,4,2,3,16,1,0,26,106,,6,,,,,,,,,,,,,,,,,,,,,,,1,1,0,0,0,0,1,0,0,1,1,1,0,0,0,0,,,0,0,0,0,118,12,3,5,16,0,0,36,79,,3,1,0,0,2,3,0,0,2,7,1,0,8,8,0,1,3,19,1,1,15,0,0,0,0,,,,,0,0,0,0,3,0,0,0,26,0,0,53,48,1,1,68,55,0,0,0,0,0,0,0,0,0,0,8,1,0,0,7,2,2,0,0,0,10,3,0,0,7,0,0,0,0,0,,,,,,0,0,0,0,0,3,1,0,0,2,42,22,0,0,20,26,0,0,29,68,0,0,0,0,0,1,0,0,0,1,3,2,0,0,1,1,0,0,0,1,6,2,0,0,4,1,0,0,0,1,,,,,,0,0,0,0,0,5,1,0,0,4,57,24,0,0,33,27,0,0,41,0,0,0,0,0,0,0,0,0,0,0,0,0,0,0,0,0,0,0,0,0,0,0,0,0,0,0,0,0,0,0,,,,,,0,0,0,0,0,0,0,0,0,0,0,0,0,0,0,0,0,0,0
00309000,The Ohio State University,2024,482,37,0,37,29,0,18,121,340,,21,219,16,0,8,12,0,6,42,169,,8,261,21,0,28,17,0,12,78,170,,13,,,,,,,,,,,,,,,,,,,,,,,1,1,0,0,1,0,0,0,0,0,1,0,0,0,0,0,,,0,0,0,1,160,17,0,11,9,0,3,40,113,,7,0,0,0,0,2,1,0,8,4,0,0,5,5,0,0,12,13,1,0,26,0,0,0,0,,,,,2,0,0,1,4,0,0,3,54,0,0,59,71,1,0,88,164,0,0,0,0,0,13,2,0,0,11,10,5,0,0,5,10,5,0,0,5,41,15,0,0,26,0,0,0,0,0,,,,,,8,3,0,0,5,7,2,0,0,5,116,56,0,1,59,73,0,1,90,158,0,0,0,0,0,13,4,0,0,9,10,3,0,0,7,10,6,0,0,4,40,14,0,0,26,0,0,0,0,0,,,,,,7,1,0,0,6,7,2,0,0,5,111,59,0,0,52,75,0,0,83,0,0,0,0,0,0,0,0,0,0,0,0,0,0,0,0,0,0,0,0,0,0,0,0,0,0,0,0,0,0,0,,,,,,0,0,0,0,0,0,0,0,0,0,0,0,0,0,0,0,0,0,0
00312300,University of Akron,2024,420,11,1,18,26,1,5,62,204,,154,189,5,1,8,7,1,2,24,103,,62,198,6,0,8,16,0,3,33,97,,68,,,,,,,,,,,,,,,,,,,,,,,0,33,0,0,0,2,0,3,0,0,0,5,0,0,0,0,,,0,24,0,4,157,0,0,7,15,0,4,26,24,,107,0,0,0,0,3,0,2,2,2,0,3,10,0,0,0,0,7,0,5,14,0,0,0,0,,,,,2,0,0,2,39,0,24,44,10,0,3,11,56,0,32,69,129,0,0,0,0,0,2,1,0,0,1,5,2,0,0,3,4,2,0,0,2,12,5,0,0,7,0,0,0,0,0,,,,,,1,0,0,0,1,38,18,0,0,20,79,42,0,0,37,65,0,0,64,116,1,1,0,0,0,8,4,0,0,4,5,3,0,0,2,6,3,0,0,3,21,12,0,0,9,1,0,0,0,0,,,,,,0,0,0,0,0,8,5,0,0,3,87,43,0,1,43,60,0,1,55,18,0,0,0,0,0,1,0,0,0,1,1,0,0,0,1,1,0,0,0,1,3,0,0,0,3,0,1,0,0,0,,,,,,0,0,0,0,0,1,0,0,0,1,14,8,0,0,6,8,0,0,10
00312500,University of Cincinnati,2024,393,19,4,27,27,0,0,77,304,,12,150,2,1,16,7,0,0,26,115,,9,213,13,1,11,17,0,0,42,170,,1,,,,,,,,,,,,,,,,,,,,,,,0,30,0,2,0,0,0,3,0,4,0,9,0,0,0,0,,,0,2,0,19,142,4,2,10,12,0,0,28,109,,5,1,0,0,1,5,0,0,5,3,0,0,9,1,0,1,2,10,0,1,17,0,0,0,0,,,,,0,0,0,0,5,0,0,0,41,0,10,58,56,0,11,75,121,1,0,0,1,0,9,6,0,0,3,10,3,0,0,7,8,1,0,1,6,28,10,0,2,16,0,0,0,0,0,,,,,,0,0,0,0,0,5,3,0,2,0,88,37,0,3,48,50,0,7,64,130,1,0,0,1,0,8,5,0,0,3,5,1,0,3,1,7,0,0,2,5,21,6,0,6,9,0,0,0,0,0,,,,,,0,0,0,0,0,2,1,0,0,1,107,37,0,6,64,44,0,12,74,0,0,0,0,0,0,0,0,0,0,0,0,0,0,0,0,0,0,0,0,0,0,0,0,0,0,0,0,0,0,0,,,,,,0,0,0,0,0,0,0,0,0,0,0,0,0,0,0,0,0,0,0
00312700,University of Dayton,2024,377,30,1,14,21,0,14,80,282,,15,164,13,0,6,6,0,6,31,127,,6,211,17,1,8,15,0,8,49,153,,9,,,,,,,,,,,,,,,,,,,,,,,1,1,0,0,0,0,0,0,0,0,0,0,0,0,0,0,,,0,0,1,1,133,8,0,1,8,0,5,22,106,,5,0,0,0,0,0,0,0,1,3,0,0,5,2,0,0,6,7,0,0,15,0,0,0,0,,,,,2,0,0,3,2,0,0,3,51,0,0,55,60,0,0,73,120,0,0,0,0,0,7,3,0,0,4,7,3,0,0,4,10,4,0,0,6,27,12,0,0,15,0,0,0,0,0,,,,,,3,2,0,0,1,3,2,0,0,1,90,39,1,0,50,53,1,0,66,91,1,0,0,0,1,4,2,0,0,2,5,0,0,0,5,10,6,0,0,4,25,10,0,0,15,0,0,0,0,0,,,,,,5,2,0,0,3,5,2,0,0,3,61,29,0,0,32,41,0,0,50,33,0,0,0,0,0,2,1,0,0,1,1,0,0,0,1,2,1,0,0,1,6,2,0,0,4,0,0,0,0,0,,,,,,1,0,0,0,1,2,0,0,0,2,25,8,0,1,16,10,0,1,22
00313100,University of Toledo,2024,352,5,0,15,17,0,21,58,288,,6,146,2,0,7,1,0,9,19,124,,3,204,3,0,8,16,0,12,39,162,,3,,,,,,,,,,,,,,,,,,,,,,,2,0,0,0,0,0,0,0,0,0,0,0,0,0,0,0,,,0,0,2,0,149,4,0,8,7,0,5,24,125,,0,0,0,0,0,3,0,0,5,0,0,0,7,2,0,0,2,7,0,0,17,0,0,0,0,,,,,2,0,0,3,0,0,0,0,51,1,0,73,58,1,0,90,95,0,0,0,0,0,5,3,0,0,2,2,0,0,0,2,0,0,0,0,0,18,8,0,0,10,0,0,0,0,0,,,,,,11,5,0,0,6,4,3,0,0,1,73,35,1,0,37,46,1,0,48,98,0,0,0,0,0,2,1,0,0,1,7,1,0,0,6,1,0,0,0,1,14,4,0,0,10,0,0,0,0,0,,,,,,4,2,0,0,2,2,0,0,0,2,82,33,0,0,49,37,0,0,61,10,0,0,0,0,0,0,0,0,0,0,1,0,0,0,1,0,0,0,0,0,2,0,0,0,2,0,0,0,0,0,,,,,,1,0,0,0,1,0,0,0,0,0,8,5,0,0,3,5,0,0,5
00316614,Oklahoma City University,2024,427,72,18,13,27,0,41,171,256,,0,198,30,6,3,8,0,20,67,131,,0,229,42,12,10,19,0,21,104,125,,0,,,,,,,,,,,,,,,,,,,,,,,0,0,0,0,0,0,0,0,0,0,0,0,0,0,0,0,,,0,0,0,0,157,27,9,7,9,0,16,68,89,,0,2,0,0,7,1,0,0,6,2,0,0,7,11,0,0,16,25,0,0,43,0,0,0,0,,,,,9,0,0,7,0,0,0,0,45,0,0,44,70,0,0,87,125,5,1,0,0,4,2,2,0,0,0,7,0,0,0,7,20,9,0,0,11,50,19,0,0,31,0,0,0,0,0,,,,,,16,7,0,0,9,0,0,0,0,0,75,41,0,0,34,60,0,0,65,145,4,3,0,0,1,4,0,0,0,4,11,6,0,0,5,25,10,0,0,15,53,23,0,0,30,0,0,0,0,0,,,,,,9,4,0,0,5,0,0,0,0,0,92,45,0,0,47,68,0,0,77,0,0,0,0,0,0,0,0,0,0,0,0,0,0,0,0,0,0,0,0,0,0,0,0,0,0,0,0,0,0,0,,,,,,0,0,0,0,0,0,0,0,0,0,0,0,0,0,0,0,0,0,0
00318400,University of Oklahoma,2024,503,51,13,10,17,0,50,141,357,,5,224,26,5,2,6,0,26,65,155,,4,279,25,8,8,11,0,24,76,202,,1,,,,,,,,,,,,,,,,,,,,,,,0,0,0,0,0,0,0,0,0,0,0,0,0,0,0,0,,,0,0,0,0,176,22,2,2,5,0,17,48,126,,2,0,0,0,2,0,0,0,2,1,0,0,4,12,0,0,10,24,0,0,24,0,0,0,0,,,,,11,0,0,6,1,0,0,1,63,0,0,63,88,0,0,88,163,5,3,0,0,2,2,1,0,0,1,4,2,0,0,2,15,5,0,0,10,47,21,0,0,26,0,0,0,0,0,,,,,,21,10,0,0,11,3,3,0,0,0,113,42,0,0,71,66,0,0,97,164,6,2,0,0,4,6,1,0,0,5,8,3,0,0,5,14,9,0,0,5,46,20,0,0,26,0,0,0,0,0,,,,,,12,5,0,0,7,0,0,0,0,0,118,50,0,0,68,70,0,0,94,0,0,0,0,0,0,0,0,0,0,0,0,0,0,0,0,0,0,0,0,0,0,0,0,0,0,0,0,0,0,0,,,,,,0,0,0,0,0,0,0,0,0,0,0,0,0,0,0,0,0,0,0
00318500,University of Tulsa,2024,282,23,14,5,6,0,16,64,191,,27,153,9,9,1,5,0,8,32,105,,16,129,14,5,4,1,0,8,32,86,,11,,,,,,,,,,,,,,,,,,,,,,,0,0,0,0,0,0,0,0,0,0,0,0,0,0,0,0,,,0,0,0,0,94,7,2,1,1,0,2,13,56,,25,1,0,0,1,0,0,0,1,1,0,0,0,4,0,0,3,6,0,0,7,0,0,0,0,,,,,0,0,0,2,15,0,0,10,29,0,0,27,50,0,0,44,73,3,2,0,0,1,2,0,0,0,2,2,1,0,0,1,5,1,0,0,4,19,8,0,0,11,0,0,0,0,0,,,,,,7,4,0,0,3,1,0,0,0,1,53,27,0,0,26,35,0,0,38,115,9,6,0,0,3,2,1,0,0,1,3,3,0,0,0,11,4,0,0,7,32,18,0,0,14,0,0,0,0,0,,,,,,7,4,0,0,3,1,1,0,0,0,82,49,0,0,33,68,0,0,47,0,0,0,0,0,0,0,0,0,0,0,0,0,0,0,0,0,0,0,0,0,0,0,0,0,0,0,0,0,0,0,,,,,,0,0,0,0,0,0,0,0,0,0,0,0,0,0,0,0,0,0,0
00319700,Lewis and Clark College,2024,502,48,3,37,16,2,3,109,348,,45,199,18,1,11,9,1,1,41,130,,28,298,30,2,26,7,1,2,68,217,,13,,,,,,,,,,,,,,,,,,,,,,,0,5,0,0,0,0,0,0,0,0,0,0,0,0,0,0,,,0,4,0,1,166,10,2,11,7,1,0,31,113,,22,1,0,0,1,1,0,0,10,4,0,0,3,3,0,0,7,9,0,0,22,0,0,0,1,,,,,0,0,0,0,12,0,4,6,40,0,0,73,61,0,4,101,163,0,0,0,0,0,9,4,0,0,5,5,3,0,0,2,16,9,0,0,7,30,16,0,0,14,0,0,0,0,0,,,,,,0,0,0,0,0,13,9,0,0,4,120,47,0,0,73,72,0,0,91,152,1,0,0,0,1,16,5,0,0,11,4,2,0,0,2,20,5,0,0,15,43,13,0,0,30,1,0,0,0,0,,,,,,1,0,0,0,1,9,6,0,0,3,100,39,0,0,61,58,0,0,94,21,0,0,0,0,0,1,1,0,0,0,0,0,0,0,0,2,1,0,0,1,5,3,0,0,2,0,1,0,0,0,,,,,,2,1,0,0,1,1,1,0,0,0,15,4,0,1,10,8,0,1,12
00322300,University of Oregon,2024,456,61,2,34,7,0,26,130,311,,15,229,29,1,13,4,0,11,58,162,,9,219,31,1,20,3,0,15,70,143,,6,,,,,,,,,,,,,,,,,,,,,,,0,8,0,0,0,1,0,0,0,1,0,2,0,0,0,0,,,0,0,0,6,174,16,0,9,3,0,12,40,123,,11,0,0,0,0,3,0,0,6,2,0,0,1,9,0,0,7,18,0,0,22,0,0,0,0,,,,,4,0,0,8,6,0,0,5,69,0,1,53,93,0,1,80,140,1,1,0,0,0,12,4,0,1,7,2,2,0,0,0,22,11,0,1,10,46,22,0,2,22,0,0,0,0,0,,,,,,9,4,0,0,5,2,1,0,0,1,92,55,0,4,33,78,0,6,56,142,1,0,0,0,1,13,6,0,0,7,2,0,0,0,2,23,9,0,0,14,44,18,0,0,26,0,0,0,0,0,,,,,,5,3,0,0,2,2,2,0,0,0,96,38,0,1,57,58,0,1,83,0,0,0,0,0,0,0,0,0,0,0,0,0,0,0,0,0,0,0,0,0,0,0,0,0,0,0,0,0,0,0,,,,,,0,0,0,0,0,0,0,0,0,0,0,0,0,0,0,0,0,0,0
00322700,Willamette University,2024,341,64,3,24,8,0,11,110,221,,10,137,20,1,6,5,0,6,38,94,,5,199,42,1,18,3,0,5,69,126,,4,,,,,,,,,,,,,,,,,,,,,,,2,3,0,1,0,0,0,0,1,1,1,2,0,0,0,0,,,0,1,1,0,128,32,1,10,2,0,4,49,73,,6,0,0,1,0,2,0,0,8,2,0,0,0,10,1,0,21,17,1,1,30,0,0,0,0,,,,,3,0,0,1,3,0,0,3,28,1,0,44,48,2,1,77,111,0,0,0,0,0,13,4,0,0,9,3,1,0,0,2,17,7,0,1,9,38,15,0,1,22,0,0,0,0,0,,,,,,5,3,0,0,2,3,2,0,1,0,70,36,0,0,34,53,0,2,56,102,2,1,0,0,1,1,0,0,0,1,3,2,0,0,1,15,3,0,0,12,23,6,0,0,17,0,0,0,0,0,,,,,,2,0,0,0,2,1,0,0,0,1,78,30,0,0,48,36,0,0,66,0,0,0,0,0,0,0,0,0,0,0,0,0,0,0,0,0,0,0,0,0,0,0,0,0,0,0,0,0,0,0,,,,,,0,0,0,0,0,0,0,0,0,0,0,0,0,0,0,0,0,0,0
00325600,Drexel University,2024,420,42,0,40,37,0,20,139,269,,12,165,10,0,10,13,0,11,44,117,,4,251,31,0,30,24,0,9,94,151,,6,,,,,,,,,,,,,,,,,,,,,,,1,3,0,0,0,0,0,0,1,0,1,0,0,0,0,0,,,0,2,0,1,164,18,0,10,14,0,5,47,110,,7,0,0,0,0,2,0,0,8,6,0,0,8,3,0,0,15,13,0,0,34,0,0,0,0,,,,,2,0,0,3,3,0,0,4,48,0,0,62,64,0,0,100,126,0,0,0,0,0,20,4,0,0,16,13,4,0,0,9,11,4,0,0,7,48,14,0,0,34,0,0,0,0,0,,,,,,4,2,0,0,2,4,1,0,2,1,74,26,0,1,47,41,0,3,82,130,0,0,0,0,0,10,4,0,0,6,10,3,0,0,7,13,3,1,0,9,44,17,1,0,26,0,0,0,0,0,,,,,,11,7,0,0,4,1,0,0,0,1,85,43,0,0,42,60,1,0,69,0,0,0,0,0,0,0,0,0,0,0,0,0,0,0,0,0,0,0,0,0,0,0,0,0,0,0,0,0,0,0,,,,,,0,0,0,0,0,0,0,0,0,0,0,0,0,0,0,0,0,0,0
00325800,Duquesne University,2024,508,27,0,19,19,0,9,74,423,,11,238,9,0,10,9,0,2,30,204,,4,267,18,0,8,10,0,7,43,217,,7,,,,,,,,,,,,,,,,,,,,,,,0,3,0,0,0,1,0,0,0,0,0,1,0,0,0,0,,,0,0,0,2,169,5,0,11,8,0,1,25,139,,5,0,0,0,0,4,0,1,6,2,0,0,6,2,0,0,3,9,0,1,15,0,0,0,0,,,,,1,0,0,0,2,0,0,3,66,0,1,72,77,0,2,90,160,0,0,0,0,0,4,2,0,0,2,5,3,0,0,2,12,4,0,0,8,24,9,0,0,15,0,0,0,0,0,,,,,,3,0,0,0,3,2,1,0,0,1,134,61,0,0,73,71,0,0,89,161,0,0,0,0,0,2,2,0,0,0,6,4,0,0,2,10,3,0,0,7,23,10,0,0,13,0,0,0,0,0,,,,,,5,1,0,0,4,4,1,0,0,3,134,71,0,1,62,82,0,1,78,18,0,0,0,0,0,2,2,0,0,0,0,0,0,0,0,0,0,0,0,0,2,2,0,0,0,0,0,0,0,0,,,,,,0,0,0,0,0,0,0,0,0,0,16,6,0,0,10,8,0,0,10
00331301,Widener University-Delaware,2024,684,66,1,20,93,0,20,200,456,,28,321,29,1,8,32,0,12,82,219,,20,363,37,0,12,61,0,8,118,237,,8,,,,,,,,,,,,,,,,,,,,,,,0,0,0,0,0,0,0,0,0,0,0,0,0,0,0,0,,,0,0,0,0,258,26,0,6,48,0,10,90,155,,13,0,0,0,0,2,0,0,4,17,0,0,31,12,0,0,14,38,0,0,52,0,0,0,0,,,,,7,0,0,3,8,0,0,5,70,0,0,85,116,0,0,142,191,0,0,0,0,0,8,4,0,0,4,19,7,0,0,12,17,7,0,0,10,47,20,0,0,27,0,0,0,0,0,,,,,,3,2,0,0,1,9,7,0,0,2,135,71,0,0,64,98,0,0,93,200,0,0,0,0,0,6,2,0,0,4,20,7,0,0,13,18,7,0,0,11,51,19,0,0,32,0,0,0,0,0,,,,,,7,3,0,0,4,5,4,0,0,1,144,70,0,0,74,93,0,0,107,35,1,1,0,0,0,0,0,0,0,0,6,1,0,0,5,5,3,0,0,2,12,5,0,0,7,0,0,0,0,0,,,,,,0,0,0,0,0,1,1,0,0,0,22,8,0,0,14,14,0,0,21
00331302,Widener Commonwealth,2024,401,50,3,32,46,0,0,131,259,,11,152,18,1,10,9,0,0,38,108,,6,243,32,2,22,37,0,0,93,146,,4,,,,,,,,,,,,,,,,,,,,,,,3,3,0,0,0,0,0,0,0,0,0,0,0,0,0,0,,,0,1,3,2,168,19,2,16,26,0,0,63,99,,6,1,0,0,1,4,0,0,12,1,0,0,25,7,0,0,12,13,0,0,50,0,0,0,0,,,,,0,0,0,0,4,0,0,2,43,1,2,53,60,1,2,105,113,0,0,0,0,0,7,2,0,0,5,10,5,0,0,5,13,4,0,0,9,30,11,0,0,19,0,0,0,0,0,,,,,,0,0,0,0,0,4,2,0,1,1,79,33,2,0,44,46,2,1,64,104,1,0,0,0,1,9,4,0,0,5,9,3,0,0,6,16,6,0,0,10,35,13,0,0,22,0,0,0,0,0,,,,,,0,0,0,0,0,1,0,0,0,1,68,27,0,0,41,40,0,0,64,16,0,0,0,0,0,0,0,0,0,0,1,0,0,0,1,2,1,0,0,1,3,1,0,0,2,0,0,0,0,0,,,,,,0,0,0,0,0,0,0,0,0,0,13,5,0,0,8,6,0,0,10
00332900,Pennsylvania State University-Penn State Law,2024,385,42,0,33,22,0,9,106,268,,11,167,17,0,11,7,0,4,39,121,,7,215,25,0,22,15,0,5,67,144,,4,,,,,,,,,,,,,,,,,,,,,,,3,0,0,0,0,0,0,0,0,0,0,0,0,0,0,0,,,0,0,3,0,130,9,0,12,5,0,5,31,95,,4,0,0,0,0,4,0,0,8,2,0,0,3,3,0,0,6,11,0,0,20,0,0,0,0,,,,,2,0,0,3,4,0,0,0,48,0,0,47,63,0,0,67,124,0,0,0,0,0,10,4,0,0,6,9,3,0,0,6,14,4,0,0,10,34,12,0,0,22,0,0,0,0,0,,,,,,1,1,0,0,0,4,2,0,0,2,86,34,2,0,50,48,2,0,74,131,0,0,0,0,0,11,3,0,0,8,8,2,0,0,6,19,10,0,0,9,41,16,0,0,25,0,0,0,0,0,,,,,,3,1,0,0,2,3,1,0,0,2,87,39,1,0,47,56,1,0,74,0,0,0,0,0,0,0,0,0,0,0,0,0,0,0,0,0,0,0,0,0,0,0,0,0,0,0,0,0,0,0,,,,,,0,0,0,0,0,0,0,0,0,0,0,0,0,0,0,0,0,0,0
00332922,Pennsylvania State University,2024,,,,,,,,,,,,,,,,,,,,,,,,,,,,,,,,,,,,,,,,,,,,,,,,,,,,,,,,,,,,,,,,,,,,,,,,,,,,,,,,,,,,,,,,,,,,,,,,,,,,,,,,,,,,,,,,,,,,,,,,,,,,,,,,,,,,,,,,,,,,,,,,,,,,,,,,,,,,,,,,,,,,,,,,,,,,,,,,,,,,,,,,,,,,,,,,,,,,,,,,,,,,,,,,,,,,,,,,,,,,,,,,,,,,,,,,,,,,,,,,,,,,,,,,,,,,,,,,,,,,,,,,,,,,,,,,,,,,,,,,,,,,,,,,,,,,,,,,,
00332923,Pennsylvania State University-Dickinson School of Law,2024,304,33,1,37,35,0,11,117,169,,18,125,12,0,10,9,0,4,35,80,,10,168,20,1,27,26,0,6,80,81,,7,,,,,,,,,,,,,,,,,,,,,,,11,0,0,0,0,0,0,0,1,0,2,0,0,0,1,0,,,1,0,8,0,107,10,0,15,8,0,4,37,62,,8,0,0,0,0,5,0,0,10,0,0,0,8,7,0,0,3,14,0,0,23,0,0,0,0,,,,,2,0,0,2,3,0,0,5,21,3,0,38,38,3,0,66,101,1,0,0,0,1,14,3,0,0,11,11,5,0,0,6,14,2,0,0,12,45,12,1,0,32,0,0,0,0,0,,,,,,5,2,1,0,2,3,2,0,0,1,53,31,2,0,20,45,3,0,53,96,0,0,0,0,0,8,2,0,0,6,16,4,0,0,12,9,3,1,0,5,35,9,1,0,25,0,0,0,0,0,,,,,,2,0,0,0,2,7,5,1,0,1,54,28,3,0,23,42,5,0,49,0,0,0,0,0,0,0,0,0,0,0,0,0,0,0,0,0,0,0,0,0,0,0,0,0,0,0,0,0,0,0,,,,,,0,0,0,0,0,0,0,0,0,0,0,0,0,0,0,0,0,0,0
00337101,Temple University,2024,649,71,0,92,59,1,22,245,394,,10,302,29,0,37,20,0,6,92,207,,3,327,40,0,52,38,1,15,146,175,,6,,,,,,,,,,,,,,,,,,,,,,,14,6,0,0,2,1,1,0,2,0,6,1,0,0,1,0,,,1,0,7,5,221,29,0,23,18,0,13,83,134,,4,0,0,0,0,9,1,0,13,4,1,0,13,10,0,0,19,25,3,0,55,0,0,0,0,,,,,2,1,0,10,2,0,0,2,70,4,0,60,97,7,0,117,206,0,0,0,0,0,30,13,0,1,16,22,9,0,0,13,21,6,2,0,13,77,30,2,1,44,0,0,0,0,0,,,,,,4,2,0,0,2,5,1,1,0,3,124,70,1,4,49,101,4,5,96,199,0,0,0,0,0,36,13,1,0,22,16,7,0,0,9,20,13,0,0,7,77,35,1,0,41,1,0,0,0,1,,,,,,4,2,0,0,2,0,0,0,0,0,122,60,2,1,59,95,3,1,100,23,0,0,0,0,0,3,2,0,0,1,3,0,0,0,3,1,0,0,0,1,8,2,0,0,6,0,0,0,0,0,,,,,,1,0,0,0,1,1,0,0,0,1,14,7,0,0,7,9,0,0,14
00337800,University of Pennsylvania,2024,759,83,1,167,67,4,41,363,374,,22,330,42,1,47,25,1,23,139,182,,9,396,38,0,109,40,3,17,207,176,,13,,,,,,,,,,,,,,,,,,,,,,,13,20,0,0,2,9,0,2,2,1,5,12,0,0,1,0,,,0,0,8,8,251,21,0,63,20,3,7,114,132,,5,0,0,0,0,15,1,8,39,6,0,2,12,10,0,1,10,34,2,11,67,0,0,0,3,,,,,3,1,0,3,2,0,0,3,66,3,7,56,102,5,18,126,256,0,0,0,0,0,48,16,0,1,31,22,10,0,0,12,31,16,1,0,14,123,53,1,1,68,0,0,0,0,0,,,,,,22,11,0,0,11,11,4,0,0,7,122,59,3,1,59,116,4,2,134,252,1,1,0,0,0,56,16,1,0,39,25,9,0,0,16,31,16,1,0,14,126,52,2,0,72,1,0,0,0,0,,,,,,12,9,0,0,3,6,3,0,0,3,120,57,2,0,61,112,4,0,136,0,0,0,0,0,0,0,0,0,0,0,0,0,0,0,0,0,0,0,0,0,0,0,0,0,0,0,1,0,0,0,,,,,,0,0,0,0,0,0,0,0,0,0,0,0,0,0,0,0,0,0,0
00337900,University of Pittsburgh,2024,373,34,0,23,19,0,17,93,276,,4,181,17,0,7,6,0,5,35,143,,3,189,16,0,15,13,0,12,56,132,,1,,,,,,,,,,,,,,,,,,,,,,,2,1,0,0,0,1,0,0,1,0,1,1,0,0,0,0,,,0,0,1,0,136,15,0,7,6,0,3,31,103,,2,0,0,0,0,5,0,0,2,3,0,0,3,7,1,0,7,16,1,0,14,0,0,0,0,,,,,1,0,0,2,1,0,0,1,44,1,0,58,61,2,0,73,116,0,0,0,0,0,11,2,0,1,8,6,2,0,0,4,8,5,0,0,3,32,10,0,1,21,0,0,0,0,0,,,,,,7,1,0,0,6,2,2,0,0,0,82,42,0,0,40,54,0,1,61,121,0,0,0,0,0,5,0,0,0,5,7,1,0,0,6,11,5,0,0,6,30,9,0,0,21,0,0,0,0,0,,,,,,7,3,0,0,4,0,0,0,0,0,91,57,0,0,34,66,0,0,55,0,0,0,0,0,0,0,0,0,0,0,0,0,0,0,0,0,0,0,0,0,0,0,0,0,0,0,0,0,0,0,,,,,,0,0,0,0,0,0,0,0,0,0,0,0,0,0,0,0,0,0,0
00338801,Villanova University,2024,555,49,1,41,26,0,18,135,409,,11,235,19,1,13,7,0,9,49,182,,4,318,30,0,28,19,0,9,86,225,,7,,,,,,,,,,,,,,,,,,,,,,,0,2,0,0,0,0,0,0,0,0,0,0,0,0,0,0,,,0,0,0,2,214,16,0,16,4,0,9,45,166,,3,0,0,0,0,3,0,0,13,2,0,0,2,6,0,0,10,16,0,0,29,0,0,0,0,,,,,5,0,0,4,1,0,0,2,73,0,0,93,90,0,0,124,161,0,0,0,0,0,16,6,0,0,10,10,1,0,0,9,13,5,0,0,8,42,14,0,0,28,0,0,0,0,0,,,,,,3,2,0,0,1,6,3,0,0,3,113,55,0,2,56,72,0,2,87,180,1,1,0,0,0,9,4,0,0,5,12,4,0,0,8,20,8,0,0,12,48,19,0,0,29,0,0,0,0,0,,,,,,6,2,0,0,4,2,0,0,0,2,130,54,0,0,76,73,0,0,107,0,0,0,0,0,0,0,0,0,0,0,0,0,0,0,0,0,0,0,0,0,0,0,0,0,0,0,0,0,0,0,,,,,,0,0,0,0,0,0,0,0,0,0,0,0,0,0,0,0,0,0,0
00341001,Roger Williams University,2024,480,69,1,14,33,0,9,126,339,,15,184,24,0,5,11,0,5,45,132,,7,293,45,1,9,22,0,4,81,204,,8,,,,,,,,,,,,,,,,,,,,,,,3,0,0,0,0,0,0,0,0,0,0,0,0,0,0,0,,,0,0,3,0,165,25,0,4,12,0,3,44,112,,9,0,0,0,0,1,0,0,3,3,0,0,9,10,0,0,15,16,0,0,28,0,0,0,0,,,,,2,0,0,1,4,0,0,5,50,2,0,60,70,2,0,93,154,0,0,0,0,0,6,2,0,0,4,10,5,0,0,5,19,4,0,0,15,41,14,0,0,27,0,0,0,0,0,,,,,,6,3,0,0,3,3,2,0,0,1,110,38,1,0,71,54,1,0,99,161,1,0,0,0,1,4,2,0,0,2,11,3,0,0,8,25,10,0,0,15,41,15,0,0,26,0,0,0,0,0,,,,,,0,0,0,0,0,3,1,0,0,2,117,44,0,0,73,60,0,0,101,0,0,0,0,0,0,0,0,0,0,0,0,0,0,0,0,0,0,0,0,0,0,0,0,0,0,0,0,0,0,0,,,,,,0,0,0,0,0,0,0,0,0,0,0,0,0,0,0,0,0,0,0
00344800,University of South Carolina,2024,628,37,1,10,40,0,24,112,486,,30,312,16,1,6,20,0,14,57,234,,21,315,21,0,4,20,0,10,55,251,,9,,,,,,,,,,,,,,,,,,,,,,,1,0,0,0,0,0,0,0,0,0,0,0,0,0,0,0,,,0,0,1,0,231,13,0,4,11,0,14,42,176,,13,0,0,0,0,2,0,0,2,8,0,0,3,6,0,0,7,23,0,0,19,0,0,0,0,,,,,7,0,0,7,10,0,0,3,87,0,0,89,120,0,0,111,203,1,1,0,0,0,3,3,0,0,0,13,4,0,0,9,12,6,0,0,6,34,16,0,0,18,0,0,0,0,0,,,,,,5,2,0,0,3,6,5,0,0,1,163,83,1,0,79,104,1,0,98,194,0,0,0,0,0,3,1,0,0,2,16,8,0,0,8,12,4,0,0,8,36,18,0,0,18,0,0,0,0,0,,,,,,5,5,0,0,0,11,6,0,0,5,147,64,0,0,83,88,0,0,106,0,0,0,0,0,0,0,0,0,0,0,0,0,0,0,0,0,0,0,0,0,0,0,0,0,0,0,0,0,0,0,,,,,,0,0,0,0,0,0,0,0,0,0,0,0,0,0,0,0,0,0,0
00347400,University of South Dakota,2024,253,10,9,5,5,0,6,35,208,,10,127,4,4,3,2,0,2,15,106,,6,122,6,5,1,3,0,4,19,101,,2,,,,,,,,,,,,,,,,,,,,,,,4,0,0,0,1,0,0,0,0,0,1,0,0,0,0,0,,,2,0,1,0,89,4,4,2,0,0,4,14,71,,4,2,0,0,2,1,1,0,0,0,0,0,0,0,0,0,4,4,1,0,9,0,0,0,0,,,,,1,0,0,3,1,2,0,1,33,1,0,37,38,4,0,47,80,0,0,0,0,0,0,0,0,0,0,4,2,0,0,2,3,2,0,0,1,9,5,0,0,4,0,0,0,0,0,,,,,,2,1,0,0,1,1,1,0,0,0,70,34,0,0,36,40,0,0,40,84,5,2,0,0,3,3,2,0,0,1,1,0,0,0,1,3,2,0,0,1,12,6,0,0,6,0,0,0,0,0,,,,,,0,0,0,0,0,5,4,0,0,1,67,39,0,0,28,49,0,0,35,0,0,0,0,0,0,0,0,0,0,0,0,0,0,0,0,0,0,0,0,0,0,0,0,0,0,0,0,0,0,0,,,,,,0,0,0,0,0,0,0,0,0,0,0,0,0,0,0,0,0,0,0
00347900,Belmont University,2024,367,27,1,5,3,0,13,49,282,,36,126,9,0,2,0,0,1,12,105,,9,233,18,1,3,3,0,11,36,173,,24,,,,,,,,,,,,,,,,,,,,,,,1,7,0,0,0,0,0,0,0,0,0,1,0,0,0,1,,,0,3,1,3,145,8,0,3,1,0,4,16,108,,21,0,0,0,0,2,0,0,1,0,0,0,1,2,0,0,6,4,0,1,11,0,0,0,0,,,,,0,0,1,3,3,0,1,17,38,0,2,68,45,0,4,96,105,1,0,0,0,1,1,0,0,0,1,2,0,0,0,2,7,2,0,0,5,13,2,0,0,11,0,0,0,0,0,,,,,,2,0,0,0,2,8,3,0,1,4,84,32,1,0,51,37,1,1,66,117,0,0,0,0,0,1,0,0,0,1,0,0,0,0,0,12,5,0,0,7,20,6,0,0,14,0,0,0,0,0,,,,,,7,1,0,0,6,7,3,0,1,3,90,35,0,1,54,44,0,2,71,0,0,0,0,0,0,0,0,0,0,0,0,0,0,0,0,0,0,0,0,0,0,0,0,0,0,0,0,0,0,0,,,,,,0,0,0,0,0,0,0,0,0,0,0,0,0,0,0,0,0,0,0
00350200,Lincoln Memorial University,2024,399,17,0,7,12,0,41,77,315,,7,144,3,0,2,4,0,15,24,114,,6,254,14,0,5,8,0,26,53,200,,1,,,,,,,,,,,,,,,,,,,,,,,0,1,0,0,0,0,0,0,0,0,0,0,0,0,0,0,,,0,0,0,1,150,9,0,1,4,0,18,32,116,,2,0,0,0,0,0,0,0,1,1,0,0,3,3,0,0,6,14,0,0,18,0,0,0,0,,,,,10,0,0,8,2,0,0,0,39,0,1,76,55,0,1,94,127,0,0,0,0,0,4,1,0,0,3,5,2,0,0,3,6,0,0,0,6,24,7,0,0,17,0,0,0,0,0,,,,,,9,4,0,0,5,3,2,0,0,1,100,39,0,0,61,48,0,0,79,122,0,0,0,0,0,2,1,0,0,1,3,1,0,0,2,2,0,0,0,2,21,3,0,0,18,0,0,0,0,0,,,,,,14,1,0,0,13,2,2,0,0,0,99,36,0,0,63,41,0,0,81,0,0,0,0,0,0,0,0,0,0,0,0,0,0,0,0,0,0,0,0,0,0,0,0,0,0,0,0,0,0,0,,,,,,0,0,0,0,0,0,0,0,0,0,0,0,0,0,0,0,0,0,0
00350900,University of Memphis,2024,239,16,3,14,39,0,0,72,158,,9,115,5,2,7,14,0,0,28,82,,5,123,11,1,7,25,0,0,44,75,,4,,,,,,,,,,,,,,,,,,,,,,,0,1,0,0,0,0,0,0,0,0,0,0,0,0,0,0,,,0,0,0,1,74,2,1,4,14,0,0,21,49,,4,1,0,0,0,4,0,0,0,3,0,0,11,0,0,0,2,8,0,0,13,0,0,0,0,,,,,0,0,0,0,2,0,0,2,27,0,0,22,37,0,0,37,70,1,1,0,0,0,6,1,0,0,5,5,1,0,0,4,6,2,0,0,4,18,5,0,0,13,0,0,0,0,0,,,,,,0,0,0,0,0,2,1,0,0,1,50,30,0,0,20,36,0,0,34,95,1,0,0,0,1,4,2,0,0,2,20,10,0,0,10,8,3,0,0,5,33,15,0,0,18,0,0,0,0,0,,,,,,0,0,0,0,0,3,2,0,0,1,59,25,0,1,33,42,0,1,52,0,0,0,0,0,0,0,0,0,0,0,0,0,0,0,0,0,0,0,0,0,0,0,0,0,0,0,0,0,0,0,,,,,,0,0,0,0,0,0,0,0,0,0,0,0,0,0,0,0,0,0,0
00353000,University of Tennessee,2024,401,36,2,8,25,1,17,89,294,,18,198,18,1,5,14,0,5,43,148,,7,198,17,1,3,11,1,11,44,143,,11,,,,,,,,,,,,,,,,,,,,,,,1,4,0,0,0,0,0,0,0,1,0,2,0,0,0,1,,,0,0,1,2,133,12,0,4,6,1,8,31,96,,6,0,0,0,0,3,0,0,1,4,0,0,2,5,0,0,7,15,0,0,16,0,0,0,1,,,,,3,0,0,5,3,0,0,3,53,1,1,41,71,1,1,60,139,0,0,0,0,0,3,1,0,0,2,8,2,0,0,6,14,9,0,1,4,31,14,0,1,16,0,0,0,0,0,,,,,,6,2,0,0,4,6,2,0,0,4,102,47,0,0,55,63,0,1,75,129,2,1,0,0,1,1,1,0,0,0,11,8,0,0,3,10,4,0,0,6,27,14,0,1,12,0,0,0,0,0,,,,,,3,0,0,1,2,6,2,0,0,4,96,48,0,1,47,64,0,2,63,0,0,0,0,0,0,0,0,0,0,0,0,0,0,0,0,0,0,0,0,0,0,0,0,0,0,0,0,0,0,0,,,,,,0,0,0,0,0,0,0,0,0,0,0,0,0,0,0,0,0,0,0
00353500,Vanderbilt University,2024,505,50,1,51,42,0,19,163,309,,33,208,20,0,18,7,0,4,49,145,,14,292,30,1,32,35,0,14,112,161,,19,,,,,,,,,,,,,,,,,,,,,,,0,5,0,0,0,1,0,0,0,0,0,2,0,0,0,1,,,0,0,0,3,160,18,1,22,10,0,8,59,93,,8,0,0,0,1,9,0,1,12,1,0,0,9,4,0,0,14,15,0,2,42,0,0,0,0,,,,,1,0,1,6,2,0,0,6,43,0,1,49,60,0,3,97,180,0,0,0,0,0,17,7,0,0,10,17,4,0,0,13,18,9,0,0,9,60,23,0,0,37,0,0,0,0,0,,,,,,8,3,0,0,5,11,7,0,0,4,109,49,0,1,59,79,0,1,100,165,0,0,0,0,0,12,2,0,0,10,15,2,0,0,13,14,7,0,0,7,44,11,0,0,33,0,0,0,0,0,,,,,,3,0,0,0,3,14,5,0,0,9,107,53,0,1,53,69,0,1,95,0,0,0,0,0,0,0,0,0,0,0,0,0,0,0,0,0,0,0,0,0,0,0,0,0,0,0,0,0,0,0,,,,,,0,0,0,0,0,0,0,0,0,0,0,0,0,0,0,0,0,0,0
00354500,Baylor University,2024,388,55,0,20,18,0,16,109,277,,2,191,25,0,11,4,0,5,45,145,,1,197,30,0,9,14,0,11,64,132,,1,,,,,,,,,,,,,,,,,,,,,,,0,0,0,0,0,0,0,0,0,0,0,0,0,0,0,0,,,0,0,0,0,208,32,0,9,10,0,9,60,147,,1,0,0,0,0,8,0,0,1,1,0,0,9,13,0,0,19,26,0,0,34,0,0,0,0,,,,,4,0,0,5,1,0,0,0,83,0,0,64,110,0,0,98,88,0,0,0,0,0,3,1,0,0,2,3,1,0,0,2,12,6,0,0,6,21,9,0,0,12,0,0,0,0,0,,,,,,3,1,0,0,2,1,0,0,0,1,66,33,0,0,33,42,0,0,46,92,0,0,0,0,0,8,2,0,0,6,5,2,0,0,3,11,6,0,0,5,28,10,0,0,18,0,0,0,0,0,,,,,,4,0,0,0,4,0,0,0,0,0,64,29,0,0,35,39,0,0,53,0,0,0,0,0,0,0,0,0,0,0,0,0,0,0,0,0,0,0,0,0,0,0,0,0,0,0,0,0,0,0,,,,,,0,0,0,0,0,0,0,0,0,0,0,0,0,0,0,0,0,0,0
00361300,Southern Methodist University,2024,649,76,2,58,31,0,22,189,436,,24,273,32,1,19,6,0,10,68,192,,13,374,44,1,37,25,0,12,119,244,,11,,,,,,,,,,,,,,,,,,,,,,,0,2,0,0,0,2,0,0,0,0,0,2,0,0,0,0,,,0,0,0,0,227,26,0,27,9,0,7,69,150,,8,0,0,0,0,9,0,2,16,1,0,0,8,9,0,0,17,22,0,2,45,0,0,0,0,,,,,3,0,0,4,4,0,0,4,56,0,0,94,82,0,2,143,194,0,0,0,0,0,12,4,0,0,8,12,3,0,0,9,25,16,0,0,9,55,26,0,0,29,0,0,0,0,0,,,,,,6,3,0,0,3,7,4,0,0,3,132,62,0,0,70,92,0,0,102,228,2,1,0,0,1,19,6,0,0,13,10,2,0,0,8,25,7,0,0,18,65,20,0,0,45,0,0,0,0,0,,,,,,9,4,0,0,5,9,5,0,0,4,154,74,0,0,80,99,0,0,129,0,0,0,0,0,0,0,0,0,0,0,0,0,0,0,0,0,0,0,0,0,0,0,0,0,0,0,0,0,0,0,,,,,,0,0,0,0,0,0,0,0,0,0,0,0,0,0,0,0,0,0,0
00362300,"St. Mary's University",2024,830,423,10,28,26,1,0,488,318,,24,357,173,2,9,4,0,0,188,154,,15,468,246,8,19,22,1,0,296,164,,8,,,,,,,,,,,,,,,,,,,,,,,4,1,0,0,0,0,0,0,4,0,4,0,0,0,0,0,,,0,1,0,0,329,170,7,11,12,0,0,200,120,,9,1,0,0,6,3,0,0,8,1,0,0,11,67,3,0,100,72,3,0,125,0,0,0,0,,,,,0,0,0,0,7,0,0,2,61,0,0,59,140,3,0,186,249,2,1,0,0,1,7,2,0,0,5,7,2,0,0,5,137,53,1,0,83,154,58,1,0,95,1,0,0,0,1,,,,,,0,0,0,0,0,10,5,0,1,4,85,42,0,0,43,105,1,1,142,250,1,0,0,0,1,9,3,0,0,6,7,1,0,0,6,115,53,0,0,62,132,57,0,0,75,0,0,0,0,0,,,,,,0,0,0,0,0,5,3,0,0,2,113,51,0,0,62,111,0,0,139,2,0,0,0,0,0,1,1,0,0,0,0,0,0,0,0,1,0,0,0,1,2,1,0,0,1,0,0,0,0,0,,,,,,0,0,0,0,0,0,0,0,0,0,0,0,0,0,0,1,0,0,1
00363221,Texas A&M University,2024,394,69,0,35,17,0,28,149,225,,20,188,36,0,15,7,0,9,67,111,,10,204,33,0,19,10,0,19,81,113,,10,,,,,,,,,,,,,,,,,,,,,,,1,1,0,0,1,0,0,0,0,0,1,0,0,0,0,0,,,0,0,0,1,121,28,0,15,1,0,9,53,62,,6,0,0,0,0,6,1,0,8,0,0,0,1,16,0,0,12,24,1,0,28,0,0,0,0,,,,,2,0,0,7,3,0,0,3,27,0,0,35,54,1,0,66,144,0,0,0,0,0,8,2,0,0,6,6,2,0,0,4,21,10,0,0,11,46,19,0,0,27,0,0,0,0,0,,,,,,11,5,0,0,6,7,2,0,0,5,91,44,0,1,46,65,0,1,78,129,0,0,0,0,0,12,7,0,0,5,10,5,0,0,5,20,10,0,0,10,50,24,0,0,26,0,0,0,0,0,,,,,,8,2,0,0,6,7,5,0,0,2,72,40,0,0,32,69,0,0,60,0,0,0,0,0,0,0,0,0,0,0,0,0,0,0,0,0,0,0,0,0,0,0,0,0,0,0,0,0,0,0,,,,,,0,0,0,0,0,0,0,0,0,0,0,0,0,0,0,0,0,0,0
00364200,Texas Southern University,2024,551,167,4,26,298,0,0,495,50,,6,212,80,2,12,93,0,0,187,23,,2,339,87,2,14,205,0,0,308,27,,4,,,,,,,,,,,,,,,,,,,,,,,0,0,0,0,0,0,0,0,0,0,0,0,0,0,0,0,,,0,0,0,0,207,60,3,9,116,0,0,188,16,,3,1,0,0,2,4,0,0,5,34,0,0,82,37,0,0,23,76,0,0,112,0,0,0,0,,,,,0,0,0,0,1,0,0,2,10,0,0,6,87,0,0,120,179,0,0,0,0,0,9,3,0,0,6,85,29,0,0,56,59,26,0,0,33,153,58,0,0,95,0,0,0,0,0,,,,,,0,0,0,0,0,2,1,0,0,1,24,8,0,0,16,67,0,0,112,165,1,1,0,0,0,8,5,0,0,3,97,30,0,0,67,48,17,0,0,31,154,53,0,0,101,0,0,0,0,0,,,,,,0,0,0,0,0,1,0,0,0,1,10,5,0,0,5,58,0,0,107,0,0,0,0,0,0,0,0,0,0,0,0,0,0,0,0,0,0,0,0,0,0,0,0,0,0,0,0,0,0,0,,,,,,0,0,0,0,0,0,0,0,0,0,0,0,0,0,0,0,0,0,0
00364400,Texas Tech University,2024,441,108,4,16,25,0,14,167,265,,9,198,44,0,4,8,0,8,64,127,,7,243,64,4,12,17,0,6,103,138,,2,,,,,,,,,,,,,,,,,,,,,,,0,0,0,0,0,0,0,0,0,0,0,0,0,0,0,0,,,0,0,0,0,160,49,1,6,13,0,7,76,82,,2,0,0,0,1,2,0,0,4,3,0,0,10,20,0,0,29,29,0,0,47,0,0,0,0,,,,,4,0,0,3,2,0,0,0,37,0,0,45,68,0,0,92,145,1,0,0,0,1,4,0,0,0,4,7,4,0,0,3,35,15,0,0,20,49,20,0,0,29,0,0,0,0,0,,,,,,2,1,0,0,1,3,3,0,0,0,93,53,0,0,40,76,0,0,69,136,2,0,0,0,2,6,2,0,0,4,5,1,0,0,4,24,9,0,0,15,42,15,0,0,27,0,0,0,0,0,,,,,,5,3,0,0,2,4,2,0,0,2,90,37,0,0,53,54,0,0,82,0,0,0,0,0,0,0,0,0,0,0,0,0,0,0,0,0,0,0,0,0,0,0,0,0,0,0,0,0,0,0,,,,,,0,0,0,0,0,0,0,0,0,0,0,0,0,0,0,0,0,0,0
00365200,University of Houston,2024,811,156,5,136,75,2,8,382,393,,36,361,55,5,48,28,1,1,138,204,,19,450,101,0,88,47,1,7,244,189,,17,,,,,,,,,,,,,,,,,,,,,,,0,0,0,0,0,0,0,0,0,0,0,0,0,0,0,0,,,0,0,0,0,272,54,1,49,24,0,3,131,132,,9,1,0,0,0,18,0,0,31,9,0,0,15,25,0,0,29,54,0,0,77,0,0,0,0,,,,,1,0,0,2,6,0,0,3,69,0,0,63,129,0,0,143,268,2,2,0,0,0,41,19,0,0,22,18,7,0,0,11,52,17,0,0,35,118,46,0,0,72,2,1,0,0,1,,,,,,3,0,0,0,3,15,7,0,0,8,135,66,0,0,69,119,0,0,149,259,2,2,0,0,0,45,10,0,0,35,31,12,0,0,19,48,13,0,0,35,127,37,0,0,90,0,0,0,0,0,,,,,,1,0,0,0,1,12,6,0,0,6,120,66,0,0,54,109,0,0,150,12,0,0,0,0,0,1,1,0,0,0,2,0,0,0,2,2,0,0,0,2,6,1,0,0,5,0,0,0,0,0,,,,,,1,0,0,0,1,0,0,0,0,0,6,3,0,0,3,4,0,0,8
00365800,University of Texas at Austin,2024,865,113,2,121,49,0,17,302,526,,37,435,43,2,46,18,0,9,118,296,,21,430,70,0,75,31,0,8,184,230,,16,,,,,,,,,,,,,,,,,,,,,,,0,0,0,0,0,0,0,0,0,0,0,0,0,0,0,0,,,0,0,0,0,282,41,1,44,15,0,14,115,157,,10,1,0,0,0,17,0,0,27,8,0,0,7,17,0,0,24,51,0,0,64,0,0,0,0,,,,,8,0,0,6,6,0,0,4,94,0,0,63,151,0,0,131,271,1,1,0,0,0,31,13,0,0,18,17,7,0,0,10,31,9,0,0,22,81,30,0,0,51,0,0,0,0,0,,,,,,1,0,0,0,1,13,4,0,0,9,177,104,0,0,73,138,0,0,133,312,0,0,0,0,0,46,16,0,0,30,17,3,0,0,14,41,17,0,0,24,106,37,0,0,69,0,0,0,0,0,,,,,,2,1,0,0,1,14,11,0,0,3,192,98,0,0,94,146,0,0,166,0,0,0,0,0,0,0,0,0,0,0,0,0,0,0,0,0,0,0,0,0,0,0,0,0,0,0,0,0,0,0,,,,,,0,0,0,0,0,0,0,0,0,0,0,0,0,0,0,0,0,0,0
00367000,Brigham Young University,2024,350,24,4,24,3,4,10,69,271,,10,191,13,3,10,1,3,6,36,152,,3,159,11,1,14,2,1,4,33,119,,7,,,,,,,,,,,,,,,,,,,,,,,0,0,0,0,0,0,0,0,0,0,0,0,0,0,0,0,,,0,0,0,0,117,7,0,6,0,2,7,22,88,,7,0,0,0,0,3,0,0,3,0,0,0,0,3,0,0,4,13,0,0,9,2,0,0,0,,,,,5,0,0,2,1,0,0,6,49,0,0,39,63,0,0,54,102,1,0,0,0,1,9,4,0,0,5,2,1,0,0,1,9,5,0,0,4,23,11,0,0,12,0,0,0,0,0,,,,,,2,1,0,0,1,0,0,0,0,0,79,48,0,0,31,59,0,0,43,131,3,3,0,0,0,9,3,0,0,6,1,0,0,0,1,8,5,0,0,3,24,12,0,0,12,2,0,0,0,1,,,,,,1,0,0,0,1,3,2,0,0,1,104,55,0,0,49,69,0,0,62,0,0,0,0,0,0,0,0,0,0,0,0,0,0,0,0,0,0,0,0,0,0,0,0,0,0,0,1,0,0,0,,,,,,0,0,0,0,0,0,0,0,0,0,0,0,0,0,0,0,0,0,0
00367500,University of Utah,2024,307,25,3,7,2,1,8,46,256,,5,147,10,2,2,0,1,3,18,126,,3,155,15,1,5,2,0,5,28,126,,1,,,,,,,,,,,,,,,,,,,,,,,4,1,0,0,0,0,0,0,0,0,0,0,0,0,0,0,,,0,1,4,0,107,10,1,2,0,1,3,17,89,,1,1,0,0,0,2,0,0,0,0,0,0,0,3,0,0,7,8,0,0,9,1,0,0,0,,,,,1,0,0,2,1,0,0,0,47,1,0,41,56,1,0,50,101,1,0,0,0,1,1,0,0,0,1,1,0,0,0,1,8,3,0,0,5,12,3,0,0,9,0,0,0,0,0,,,,,,1,0,0,0,1,3,2,0,1,0,86,42,2,0,42,47,2,1,51,99,1,1,0,0,0,4,0,0,0,4,1,0,0,0,1,7,4,0,0,3,17,7,0,0,10,0,0,0,0,0,,,,,,4,2,0,0,2,1,0,0,0,1,81,37,1,0,43,44,1,0,54,0,0,0,0,0,0,0,0,0,0,0,0,0,0,0,0,0,0,0,0,0,0,0,0,0,0,0,0,0,0,0,,,,,,0,0,0,0,0,0,0,0,0,0,0,0,0,0,0,0,0,0,0
00370500,William and Mary Law School,2024,516,26,0,36,32,0,29,123,384,,9,211,11,0,17,6,0,9,43,165,,3,294,14,0,19,24,0,20,77,212,,5,,,,,,,,,,,,,,,,,,,,,,,9,2,0,0,0,0,1,1,1,0,2,1,0,0,0,0,,,1,0,6,1,159,12,0,8,9,0,5,34,121,,4,0,0,0,0,3,0,0,5,1,1,1,6,3,1,0,8,8,2,1,23,0,0,0,0,,,,,1,0,0,4,1,1,0,2,49,6,0,66,58,9,1,91,158,0,0,0,0,0,12,7,0,0,5,14,3,0,0,11,7,4,0,0,3,38,16,0,0,22,0,0,0,0,0,,,,,,5,2,0,0,3,2,0,0,0,2,118,56,0,1,61,72,0,1,85,199,0,0,0,0,0,16,7,0,0,9,9,2,0,0,7,7,4,0,0,3,51,19,0,0,32,0,0,0,0,0,,,,,,19,6,0,0,13,3,2,0,0,1,145,60,0,0,85,81,0,0,118,0,0,0,0,0,0,0,0,0,0,0,0,0,0,0,0,0,0,0,0,0,0,0,0,0,0,0,0,0,0,0,,,,,,0,0,0,0,0,0,0,0,0,0,0,0,0,0,0,0,0,0,0
00374400,University of Richmond,2024,392,38,0,30,17,0,18,103,279,,10,155,13,0,11,4,0,6,34,114,,7,232,25,0,19,13,0,12,69,160,,3,,,,,,,,,,,,,,,,,,,,,,,4,1,0,0,0,0,0,0,0,0,0,0,0,0,0,0,,,0,0,4,1,133,7,0,9,2,0,7,25,106,,2,0,0,0,0,2,0,0,7,0,0,0,2,3,0,0,4,7,0,0,18,0,0,0,0,,,,,2,0,0,5,1,0,0,1,45,4,1,56,53,4,1,75,140,0,0,0,0,0,12,5,0,0,7,9,2,0,0,7,17,5,0,0,12,45,15,0,0,30,0,0,0,0,0,,,,,,7,3,0,0,4,7,5,0,0,2,88,33,0,0,55,53,0,0,87,119,0,0,0,0,0,9,4,0,0,5,6,2,0,0,4,14,5,0,0,9,33,12,0,0,21,0,0,0,0,0,,,,,,4,1,0,0,3,1,1,0,0,0,85,36,0,0,49,49,0,0,70,0,0,0,0,0,0,0,0,0,0,0,0,0,0,0,0,0,0,0,0,0,0,0,0,0,0,0,0,0,0,0,,,,,,0,0,0,0,0,0,0,0,0,0,0,0,0,0,0,0,0,0,0
00374500,University of Virginia,2024,915,74,0,133,84,0,46,337,554,,24,428,37,0,50,35,0,19,141,277,,10,482,37,0,82,49,0,27,195,273,,14,,,,,,,,,,,,,,,,,,,,,,,5,0,0,0,1,0,0,0,0,0,1,0,0,0,0,0,,,0,0,4,0,305,23,0,48,26,0,21,118,175,,12,0,0,0,0,17,0,0,31,10,0,0,16,13,0,0,10,47,0,0,71,0,0,0,0,,,,,7,0,0,14,5,0,0,7,87,0,0,88,139,0,0,166,302,0,0,0,0,0,35,13,0,0,22,33,14,0,0,19,30,15,0,0,15,111,48,0,0,63,0,0,0,0,0,,,,,,13,6,0,0,7,7,3,0,0,4,184,90,2,0,92,141,2,0,159,308,0,0,0,0,0,50,20,1,0,29,25,11,0,0,14,21,9,0,0,12,108,46,1,0,61,0,0,0,0,0,,,,,,12,6,0,0,6,5,2,0,0,3,195,100,2,0,93,148,3,0,157,0,0,0,0,0,0,0,0,0,0,0,0,0,0,0,0,0,0,0,0,0,0,0,0,0,0,0,0,0,0,0,,,,,,0,0,0,0,0,0,0,0,0,0,0,0,0,0,0,0,0,0,0
00374900,George Mason University,2024,436,29,1,43,15,0,10,98,315,,23,243,18,1,16,5,0,8,48,175,,20,190,11,0,26,9,0,2,48,139,,3,,,,,,,,,,,,,,,,,,,,,,,0,3,0,0,0,1,0,1,0,0,0,2,0,0,0,0,,,0,0,0,1,119,7,1,12,8,0,3,31,79,,9,1,0,0,0,5,0,1,6,2,0,1,5,5,0,0,2,15,0,2,14,0,0,0,0,,,,,2,0,0,1,8,0,0,1,39,0,0,40,62,0,2,55,116,0,0,0,0,0,11,3,0,0,8,5,3,0,0,2,12,8,0,0,4,30,16,0,0,14,0,0,0,0,0,,,,,,2,2,0,0,0,9,8,0,0,1,77,55,0,1,21,79,0,1,36,166,0,0,0,0,0,16,6,0,0,10,2,0,0,0,2,8,4,0,0,4,31,14,0,0,17,0,0,0,0,0,,,,,,5,4,0,0,1,3,3,0,0,0,132,64,0,0,68,81,0,0,85,35,0,0,0,0,0,4,2,0,0,2,0,0,0,0,0,2,1,0,0,1,6,3,0,0,3,0,0,0,0,0,,,,,,0,0,0,0,0,2,1,0,0,1,27,17,0,0,10,21,0,0,14
00376800,Washington and Lee University,2024,354,33,0,43,32,1,3,112,126,,116,190,15,0,17,9,0,2,43,78,,69,161,18,0,26,22,1,1,68,48,,45,,,,,,,,,,,,,,,,,,,,,,,0,3,0,0,0,0,0,1,0,0,0,1,0,0,0,0,,,0,2,0,0,125,15,0,16,10,0,0,41,13,,71,0,0,0,0,10,0,0,6,3,0,1,6,8,0,0,7,21,0,1,19,0,0,0,0,,,,,0,0,0,0,41,0,1,29,8,0,0,5,70,0,2,53,118,0,0,0,0,0,18,5,0,0,13,13,4,0,0,9,11,3,0,0,8,44,13,0,0,31,1,0,0,0,1,,,,,,1,1,0,0,0,23,16,0,0,7,51,33,0,0,18,62,0,0,56,111,0,0,0,0,0,9,2,0,0,7,9,2,0,0,7,7,4,0,0,3,27,9,0,0,18,0,0,0,0,0,,,,,,2,1,0,0,1,22,12,0,1,9,62,37,0,0,25,58,0,1,52,0,0,0,0,0,0,0,0,0,0,0,0,0,0,0,0,0,0,0,0,0,0,0,0,0,0,0,0,0,0,0,,,,,,0,0,0,0,0,0,0,0,0,0,0,0,0,0,0,0,0,0,0
00377800,Gonzaga University,2024,564,89,2,28,4,0,31,154,399,,11,271,41,0,11,2,0,13,67,200,,4,280,47,2,16,1,0,16,82,193,,5,,,,,,,,,,,,,,,,,,,,,,,4,9,0,0,1,0,1,0,0,1,2,3,0,0,0,2,,,0,2,2,4,190,31,0,9,2,0,9,51,136,,3,0,0,0,0,6,0,0,3,1,0,0,1,14,0,1,16,24,0,1,26,0,0,0,0,,,,,3,0,0,6,0,0,1,2,74,0,4,58,98,0,6,86,175,2,0,0,0,2,13,3,0,0,10,1,0,1,0,0,20,11,0,0,9,49,21,1,2,25,0,0,0,0,0,,,,,,13,7,0,2,4,3,1,0,1,1,123,64,1,0,58,86,2,3,84,199,0,0,0,0,0,6,2,1,0,3,1,1,0,0,0,38,16,0,0,22,54,22,1,0,31,0,0,0,0,0,,,,,,9,3,0,0,6,5,3,0,0,2,140,62,1,0,77,87,2,0,110,0,0,0,0,0,0,0,0,0,0,0,0,0,0,0,0,0,0,0,0,0,0,0,0,0,0,0,0,0,0,0,,,,,,0,0,0,0,0,0,0,0,0,0,0,0,0,0,0,0,0,0,0
00379001,Seattle University,2024,666,101,2,87,31,0,45,266,362,,38,234,31,1,25,13,0,14,84,138,,12,406,66,1,62,17,0,31,177,211,,18,,,,,,,,,,,,,,,,,,,,,,,26,0,0,0,0,0,1,0,4,0,5,0,0,0,0,0,,,8,0,13,0,218,36,0,23,10,0,8,77,127,,14,0,0,0,0,7,0,0,16,2,1,0,7,10,2,0,24,21,3,0,53,0,0,0,0,,,,,2,0,0,6,3,1,0,10,47,5,0,75,71,9,0,138,202,2,1,0,0,1,36,9,0,0,27,7,3,0,0,4,30,7,2,0,21,94,24,2,0,68,0,0,0,0,0,,,,,,19,4,0,0,15,13,4,6,0,3,95,36,8,0,51,64,16,0,122,214,0,0,0,0,0,25,9,0,0,16,11,6,0,0,5,31,13,0,0,18,82,36,0,0,46,0,0,0,0,0,,,,,,15,8,0,0,7,10,4,1,0,5,122,49,0,0,73,89,1,0,124,32,0,0,0,0,0,3,0,0,0,3,3,2,0,0,1,4,1,0,0,3,13,3,0,0,10,0,0,0,0,0,,,,,,3,0,0,0,3,1,1,0,0,0,18,6,0,0,12,10,0,0,22
00379800,University of Washington,2024,544,54,6,114,13,0,30,217,300,,27,190,17,1,40,3,0,8,69,110,,11,332,37,5,70,9,0,22,143,180,,9,,,,,,,,,,,,,,,,,,,,,,,12,10,0,0,2,2,1,0,0,0,3,2,0,0,0,0,,,2,5,7,3,179,13,2,35,8,0,10,68,100,,11,0,0,0,2,11,2,0,22,1,1,0,6,4,0,0,9,18,3,0,47,0,0,0,0,,,,,2,0,0,8,4,1,2,4,32,6,1,61,54,10,3,112,183,2,1,0,0,1,39,13,0,1,25,4,2,0,0,2,21,8,0,0,13,75,26,0,1,48,0,0,0,0,0,,,,,,9,2,0,0,7,10,5,1,1,3,98,35,1,1,61,66,2,3,112,182,2,0,0,0,2,40,16,0,1,23,1,0,0,0,1,20,5,0,0,15,74,25,0,1,48,0,0,0,0,0,,,,,,11,4,0,0,7,6,2,0,2,2,102,43,0,1,58,70,0,4,108,0,0,0,0,0,0,0,0,0,0,0,0,0,0,0,0,0,0,0,0,0,0,0,0,0,0,0,0,0,0,0,,,,,,0,0,0,0,0,0,0,0,0,0,0,0,0,0,0,0,0,0,0
00382700,West Virginia University,2024,294,9,1,3,10,0,18,41,249,,4,154,4,1,0,2,0,7,14,137,,3,140,5,0,3,8,0,11,27,112,,1,,,,,,,,,,,,,,,,,,,,,,,0,0,0,0,0,0,0,0,0,0,0,0,0,0,0,0,,,0,0,0,0,101,6,0,1,4,0,5,16,81,,4,0,0,0,0,0,0,0,1,1,0,0,3,2,0,0,4,4,0,0,12,0,0,0,0,,,,,1,0,0,4,3,0,0,1,43,0,0,38,50,0,0,51,100,1,1,0,0,0,2,0,0,0,2,3,1,0,0,2,1,1,0,0,0,14,6,0,0,8,0,0,0,0,0,,,,,,7,3,0,0,4,0,0,0,0,0,86,52,0,0,34,58,0,0,42,93,0,0,0,0,0,0,0,0,0,0,3,0,0,0,3,2,1,0,0,1,11,4,0,0,7,0,0,0,0,0,,,,,,6,3,0,0,3,0,0,0,0,0,82,42,0,0,40,46,0,0,47,0,0,0,0,0,0,0,0,0,0,0,0,0,0,0,0,0,0,0,0,0,0,0,0,0,0,0,0,0,0,0,,,,,,0,0,0,0,0,0,0,0,0,0,0,0,0,0,0,0,0,0,0
00386300,Marquette University,2024,574,55,0,25,20,0,19,119,448,,7,274,29,0,8,12,0,9,58,212,,4,300,26,0,17,8,0,10,61,236,,3,,,,,,,,,,,,,,,,,,,,,,,0,0,0,0,0,0,0,0,0,0,0,0,0,0,0,0,,,0,0,0,0,199,17,0,12,4,0,7,40,155,,4,0,0,0,0,4,0,0,8,3,0,0,1,9,0,0,8,19,0,0,21,0,0,0,0,,,,,3,0,0,4,3,0,0,1,68,0,0,87,90,0,0,109,199,0,0,0,0,0,5,2,0,0,3,7,3,0,0,4,26,14,0,0,12,43,21,0,0,22,0,0,0,0,0,,,,,,5,2,0,0,3,3,1,0,0,2,153,73,0,0,80,95,0,0,104,172,0,0,0,0,0,7,2,0,0,5,8,6,0,0,2,12,6,0,0,6,34,18,0,0,16,0,0,0,0,0,,,,,,7,4,0,0,3,0,0,0,0,0,138,69,0,0,69,87,0,0,85,4,0,0,0,0,0,1,0,0,0,1,1,0,0,0,1,0,0,0,0,0,2,0,0,0,2,0,0,0,0,0,,,,,,0,0,0,0,0,0,0,0,0,0,2,2,0,0,0,2,0,0,2
00389500,University of Wisconsin,2024,670,60,5,47,25,0,32,169,488,,13,317,30,1,26,13,0,12,82,228,,7,353,30,4,21,12,0,20,87,260,,6,,,,,,,,,,,,,,,,,,,,,,,0,0,0,0,0,0,0,0,0,0,0,0,0,0,0,0,,,0,0,0,0,230,17,3,18,4,0,11,53,172,,5,1,0,0,2,9,0,0,9,2,0,0,2,7,0,0,10,23,0,0,30,0,0,0,0,,,,,4,0,0,7,2,0,0,3,80,0,0,92,105,0,0,125,183,1,0,0,0,1,12,9,0,0,3,9,5,0,0,4,20,13,0,0,7,51,29,0,0,22,0,0,0,0,0,,,,,,9,2,0,0,7,3,2,0,0,1,129,57,0,0,72,88,0,0,95,257,1,0,0,0,1,17,8,0,0,9,12,6,0,0,6,23,10,0,0,13,65,30,0,0,35,0,0,0,0,0,,,,,,12,6,0,0,6,5,3,0,0,2,187,91,0,0,96,124,0,0,133,0,0,0,0,0,0,0,0,0,0,0,0,0,0,0,0,0,0,0,0,0,0,0,0,0,0,0,0,0,0,0,,,,,,0,0,0,0,0,0,0,0,0,0,0,0,0,0,0,0,0,0,0
00393200,University of Wyoming,2024,229,32,0,6,2,0,10,50,171,,8,113,10,0,4,1,0,2,17,92,,4,106,20,0,2,1,0,6,29,75,,2,,,,,,,,,,,,,,,,,,,,,,,6,4,0,0,0,0,0,0,1,1,3,1,0,0,2,0,,,1,1,2,2,77,13,0,1,1,0,3,18,57,,2,0,0,0,0,1,0,0,0,0,0,0,1,5,1,1,6,6,3,1,8,0,0,0,0,,,,,0,2,0,1,0,1,0,1,34,1,0,22,40,5,1,31,87,0,0,0,0,0,2,1,0,0,1,1,1,0,0,0,12,2,0,0,10,18,4,0,0,14,0,0,0,0,0,,,,,,3,0,0,0,3,4,3,0,1,0,65,34,1,2,28,41,1,3,42,65,0,0,0,0,0,3,2,0,0,1,0,0,0,0,0,7,3,0,0,4,14,7,0,0,7,0,0,0,0,0,,,,,,4,2,0,0,2,2,1,0,0,1,49,24,0,0,25,32,0,0,33,0,0,0,0,0,0,0,0,0,0,0,0,0,0,0,0,0,0,0,0,0,0,0,0,0,0,0,0,0,0,0,,,,,,0,0,0,0,0,0,0,0,0,0,0,0,0,0,0,0,0,0,0
00393600,Pontifical Catholic University of P.R.,2024,482,482,0,0,0,0,0,482,0,,0,188,188,0,0,0,0,0,188,0,,0,294,294,0,0,0,0,0,294,0,,0,,,,,,,,,,,,,,,,,,,,,,,0,0,0,0,0,0,0,0,0,0,0,0,0,0,0,0,,,0,0,0,0,154,154,0,0,0,0,0,154,0,,0,0,0,0,0,0,0,0,0,0,0,0,0,55,0,0,99,55,0,0,99,0,0,0,0,,,,,0,0,0,0,0,0,0,0,0,0,0,0,55,0,0,99,127,0,0,0,0,0,0,0,0,0,0,0,0,0,0,0,127,45,0,0,82,127,45,0,0,82,0,0,0,0,0,,,,,,0,0,0,0,0,0,0,0,0,0,0,0,0,0,0,45,0,0,82,148,0,0,0,0,0,0,0,0,0,0,0,0,0,0,0,148,61,0,0,87,148,61,0,0,87,0,0,0,0,0,,,,,,0,0,0,0,0,0,0,0,0,0,0,0,0,0,0,61,0,0,87,53,0,0,0,0,0,0,0,0,0,0,0,0,0,0,0,53,27,0,0,26,53,27,0,0,26,0,0,0,0,0,,,,,,0,0,0,0,0,0,0,0,0,0,0,0,0,0,0,27,0,0,26
00394200,University of Puerto Rico,2024,449,251,0,0,13,0,0,264,6,,179,206,130,0,0,4,0,0,134,3,,69,243,121,0,0,9,0,0,130,3,,110,,,,,,,,,,,,,,,,,,,,,,,0,0,0,0,0,0,0,0,0,0,0,0,0,0,0,0,,,0,0,0,0,150,77,0,0,7,0,0,84,2,,64,0,0,0,0,0,0,0,0,0,0,0,7,37,0,0,40,37,0,0,47,0,0,0,0,,,,,0,0,0,0,25,0,0,39,1,0,0,1,63,0,0,87,140,0,0,0,0,0,0,0,0,0,0,3,1,0,0,2,80,37,0,0,43,83,38,0,0,45,0,0,0,0,0,,,,,,0,0,0,0,0,55,17,0,0,38,2,2,0,0,0,57,0,0,83,127,0,0,0,0,0,0,0,0,0,0,1,1,0,0,0,74,36,0,0,38,75,37,0,0,38,0,0,0,0,0,,,,,,0,0,0,0,0,50,17,0,0,33,2,0,0,0,2,54,0,0,73,32,0,0,0,0,0,0,0,0,0,0,2,2,0,0,0,20,20,0,0,0,22,22,0,0,0,0,0,0,0,0,,,,,,0,0,0,0,0,10,10,0,0,0,0,0,0,0,0,32,0,0,0
00394700,"UC College of the Law, San Francisco",2024,1081,209,1,244,30,1,81,566,466,,49,433,92,1,87,12,1,31,224,191,,18,636,116,0,155,16,0,48,335,270,,31,,,,,,,,,,,,,,,,,,,,,,,12,0,0,0,2,0,2,0,1,0,7,0,0,0,2,0,,,0,0,5,0,392,64,1,96,13,1,28,203,163,,26,1,0,0,0,30,1,0,65,6,2,0,5,32,0,0,32,81,3,0,119,1,0,0,0,,,,,11,0,0,17,9,0,0,17,62,2,0,99,152,5,0,235,330,0,0,0,0,0,68,25,0,0,43,5,3,0,0,2,79,30,1,0,48,171,66,2,0,103,0,0,0,0,0,,,,,,19,8,1,0,10,12,3,0,0,9,147,64,1,0,82,133,3,0,194,359,0,0,0,0,0,80,32,1,0,47,12,3,0,0,9,66,30,0,0,36,192,77,2,0,113,0,0,0,0,0,,,,,,34,12,1,0,21,11,6,0,0,5,156,65,2,0,89,148,4,0,207,0,0,0,0,0,0,0,0,0,0,0,0,0,0,0,0,0,0,0,0,0,0,0,0,0,0,0,0,0,0,0,,,,,,0,0,0,0,0,0,0,0,0,0,0,0,0,0,0,0,0,0,0
00396900,University of Minnesota,2024,639,74,1,70,30,1,28,204,423,,12,285,36,0,27,16,1,12,92,186,,7,336,36,1,43,12,0,16,108,224,,4,,,,,,,,,,,,,,,,,,,,,,,18,0,0,0,0,0,2,0,2,0,4,0,0,0,0,0,,,1,0,13,0,195,26,0,17,7,1,11,62,128,,5,0,0,0,0,9,0,0,8,4,0,0,3,16,2,0,8,35,2,0,25,1,0,0,0,,,,,5,0,0,6,4,0,0,1,54,6,0,68,93,8,0,94,225,0,0,0,0,0,23,6,0,0,17,13,6,2,0,5,27,9,0,0,18,71,23,2,0,46,0,0,0,0,0,,,,,,8,2,0,0,6,3,1,1,0,1,151,61,6,0,84,85,9,0,131,219,1,0,0,0,1,30,12,0,0,18,10,6,0,0,4,21,11,0,0,10,71,34,0,0,37,0,0,0,0,0,,,,,,9,5,0,0,4,4,2,0,0,2,144,71,1,0,72,107,1,0,111,0,0,0,0,0,0,0,0,0,0,0,0,0,0,0,0,0,0,0,0,0,0,0,0,0,0,0,0,0,0,0,,,,,,0,0,0,0,0,0,0,0,0,0,0,0,0,0,0,0,0,0,0
00425090,Inter American University of Puerto Rico,2024,626,618,1,0,2,0,0,621,1,,4,229,228,1,0,0,0,0,229,0,,0,394,388,0,0,2,0,0,390,1,,3,,,,,,,,,,,,,,,,,,,,,,,0,3,0,0,0,0,0,0,0,2,0,2,0,0,0,0,,,0,1,0,0,127,127,0,0,0,0,0,127,0,,0,0,0,0,0,0,0,0,0,0,0,0,0,48,0,2,77,48,0,2,77,0,0,0,0,,,,,0,0,0,0,0,0,0,0,0,0,0,0,48,0,2,77,217,1,1,0,0,0,0,0,0,0,0,1,0,0,0,1,211,70,0,0,141,213,71,0,0,142,0,0,0,0,0,,,,,,0,0,0,0,0,3,0,0,1,2,1,0,0,0,1,71,0,1,145,168,0,0,0,0,0,0,0,0,0,0,1,0,0,0,1,167,61,0,0,106,168,61,0,0,107,0,0,0,0,0,,,,,,0,0,0,0,0,0,0,0,0,0,0,0,0,0,0,61,0,0,107,114,0,0,0,0,0,0,0,0,0,0,0,0,0,0,0,113,49,0,0,64,113,49,0,0,64,0,0,0,0,0,,,,,,0,0,0,0,0,1,0,0,0,1,0,0,0,0,0,49,0,0,65
00497700,South Texas College of Law,2024,1093,315,4,86,88,2,10,505,527,,61,464,139,2,34,31,2,3,211,224,,29,625,176,2,51,57,0,7,293,300,,32,,,,,,,,,,,,,,,,,,,,,,,0,4,0,0,0,1,0,0,0,0,0,1,0,0,0,0,,,0,0,0,3,632,173,0,48,51,2,5,279,315,,38,0,0,0,0,19,0,0,29,16,0,0,35,74,0,0,99,112,0,0,167,2,0,0,0,,,,,1,0,0,4,20,0,0,18,128,0,3,184,260,0,3,369,237,2,2,0,0,0,19,9,0,0,10,20,11,0,0,9,70,32,0,0,38,114,55,0,0,59,0,0,0,0,0,,,,,,3,1,0,0,2,15,5,0,0,10,108,44,0,0,64,104,0,0,133,211,2,0,0,0,2,17,5,0,1,11,16,3,0,0,13,69,30,0,0,39,106,39,0,1,66,0,0,0,0,0,,,,,,2,1,0,0,1,8,4,0,0,4,97,48,0,0,49,91,0,1,119,13,0,0,0,0,0,2,1,0,0,1,1,1,0,0,0,3,3,0,0,0,6,5,0,0,1,0,0,0,0,0,,,,,,0,0,0,0,0,0,0,0,0,0,7,4,0,0,3,9,0,0,4
00891600,New England Law | Boston,2024,1135,142,2,86,49,2,61,342,745,,48,401,41,1,16,17,0,11,86,292,,23,717,100,1,70,32,2,48,253,442,,22,,,,,,,,,,,,,,,,,,,,,,,5,12,0,0,0,0,0,0,0,1,2,1,0,0,2,0,,,1,2,2,9,410,64,1,33,25,2,17,142,257,,11,0,0,0,1,10,0,0,23,6,0,0,19,21,0,1,42,40,0,1,101,0,0,0,2,,,,,3,0,0,14,8,0,0,3,107,2,2,146,155,2,3,250,331,0,0,0,0,0,23,1,0,0,22,11,4,0,0,7,52,13,0,0,39,97,20,1,0,76,0,0,0,0,0,,,,,,11,2,1,0,8,22,10,0,1,11,212,71,0,3,138,101,1,4,225,314,0,0,0,0,0,23,3,0,0,20,12,6,0,0,6,18,3,0,0,15,85,18,1,0,66,0,0,0,0,0,,,,,,32,6,1,0,25,12,4,1,1,6,217,84,0,3,130,106,2,4,202,80,1,1,0,0,0,7,2,0,0,5,1,1,0,0,0,8,4,0,0,4,18,8,0,0,10,0,0,0,0,0,,,,,,1,0,0,0,1,3,1,0,0,2,59,30,0,1,28,39,0,1,40
00927500,Northern Kentucky University,2024,382,19,2,7,23,0,0,51,320,,11,171,6,0,2,10,0,0,18,148,,5,211,13,2,5,13,0,0,33,172,,6,,,,,,,,,,,,,,,,,,,,,,,0,0,0,0,0,0,0,0,0,0,0,0,0,0,0,0,,,0,0,0,0,154,9,0,3,9,0,0,21,129,,4,0,0,0,0,2,0,0,1,3,0,0,6,3,0,0,6,8,0,0,13,0,0,0,0,,,,,0,0,0,0,2,0,0,2,59,0,0,70,69,0,0,85,115,2,0,0,0,2,2,0,0,0,2,8,5,0,0,3,8,2,0,0,6,20,7,0,0,13,0,0,0,0,0,,,,,,0,0,0,0,0,2,1,0,0,1,93,42,0,0,51,50,0,0,65,87,0,0,0,0,0,2,0,0,0,2,3,1,0,0,2,2,1,0,0,1,7,2,0,0,5,0,0,0,0,0,,,,,,0,0,0,0,0,4,2,0,0,2,76,36,0,0,40,40,0,0,47,26,0,0,0,0,0,0,0,0,0,0,3,1,0,0,2,0,0,0,0,0,3,1,0,0,2,0,0,0,0,0,,,,,,0,0,0,0,0,1,0,0,0,1,22,11,0,0,11,12,0,0,14
00963500,Florida International University,2024,555,303,1,22,39,1,3,369,148,,38,259,135,0,12,10,0,1,158,82,,19,295,168,1,10,29,1,2,211,66,,18,,,,,,,,,,,,,,,,,,,,,,,1,0,0,0,0,0,0,0,0,0,0,0,0,0,0,0,,,1,0,0,0,182,105,0,9,13,0,2,129,44,,9,0,0,0,0,6,0,0,3,3,0,0,10,47,0,0,58,57,0,0,72,0,0,0,0,,,,,1,0,0,1,6,1,0,2,21,0,0,23,84,1,0,97,191,1,0,0,0,1,7,3,0,0,4,13,4,0,0,9,109,53,0,0,56,130,60,0,0,70,0,0,0,0,0,,,,,,0,0,0,0,0,8,2,0,0,6,53,34,0,0,19,96,0,0,95,160,0,0,0,0,0,6,3,0,0,3,12,3,0,0,9,75,29,0,0,46,95,35,0,0,60,1,0,0,0,1,,,,,,1,0,0,0,1,20,10,0,0,10,45,26,0,0,19,71,0,0,89,22,0,0,0,0,0,0,0,0,0,0,1,0,0,0,1,14,6,0,0,8,15,6,0,0,9,0,0,0,0,0,,,,,,0,0,0,0,0,1,1,0,0,0,6,1,0,0,5,8,0,0,14
01014205,Touro University,2024,556,91,1,46,35,0,15,188,333,,35,277,39,1,23,9,0,8,80,176,,21,273,51,0,23,26,0,7,107,155,,11,,,,,,,,,,,,,,,,,,,,,,,0,6,0,0,0,0,0,0,0,1,0,1,0,0,0,0,,,0,3,0,2,197,28,0,18,7,0,5,58,131,,8,0,0,0,0,10,0,0,8,0,0,0,7,12,0,0,16,25,0,0,33,0,0,0,0,,,,,3,0,0,2,5,0,2,1,67,0,2,62,97,0,4,96,163,1,1,0,0,0,11,6,0,0,5,13,5,0,0,8,29,12,0,1,16,58,26,0,1,31,0,0,0,0,0,,,,,,4,2,0,0,2,11,7,0,1,3,94,48,0,0,46,81,0,2,80,154,0,0,0,0,0,8,4,0,0,4,11,4,0,0,7,29,13,0,0,16,54,24,0,0,30,0,0,0,0,0,,,,,,6,3,0,0,3,11,7,0,0,4,89,48,0,0,41,79,0,0,75,42,0,0,0,0,0,9,3,0,0,6,4,0,0,0,4,5,2,0,0,3,18,5,0,0,13,0,0,0,0,0,,,,,,0,0,0,0,0,5,2,0,0,3,19,13,0,0,6,20,0,0,22
01014913,Pepperdine University,2024,532,59,4,59,18,0,0,140,350,,42,218,30,4,14,4,0,0,52,142,,24,313,28,0,45,14,0,0,87,208,,18,,,,,,,,,,,,,,,,,,,,,,,0,1,0,0,0,0,0,0,0,1,0,1,0,0,0,0,,,0,0,0,0,191,24,0,19,9,0,0,52,112,,27,0,0,0,0,4,0,0,15,1,0,0,8,12,0,0,12,17,0,0,35,0,0,0,0,,,,,0,0,0,0,15,0,0,12,52,0,0,60,84,0,0,107,155,2,2,0,0,0,20,2,0,0,18,3,2,0,0,1,15,8,0,1,6,40,14,0,1,25,0,0,0,0,0,,,,,,0,0,0,0,0,6,4,0,0,2,109,43,0,0,66,61,0,1,93,186,2,2,0,0,0,20,8,0,0,12,6,1,0,0,5,20,10,0,0,10,48,21,0,0,27,0,0,0,0,0,,,,,,0,0,0,0,0,9,5,0,0,4,129,47,0,0,82,73,0,0,113,0,0,0,0,0,0,0,0,0,0,0,0,0,0,0,0,0,0,0,0,0,0,0,0,0,0,0,0,0,0,0,,,,,,0,0,0,0,0,0,0,0,0,0,0,0,0,0,0,0,0,0,0
01039501,University of San Diego,2024,751,156,0,90,10,0,55,311,393,,47,267,56,0,31,3,0,17,107,143,,17,479,99,0,59,7,0,38,203,247,,29,,,,,,,,,,,,,,,,,,,,,,,3,2,0,0,0,0,0,0,0,1,0,1,0,0,0,0,,,0,1,3,0,256,50,0,31,5,0,21,107,137,,12,0,0,0,0,10,0,0,21,2,0,0,3,17,0,1,32,33,0,1,73,0,0,0,0,,,,,4,0,0,17,2,0,1,9,57,0,0,80,92,0,2,162,237,0,0,0,0,0,30,10,0,0,20,3,1,0,0,2,55,21,0,0,34,105,38,0,0,67,0,0,0,0,0,,,,,,17,6,0,0,11,6,2,0,0,4,126,33,2,0,91,73,2,0,162,250,0,0,0,0,0,28,11,0,0,17,2,0,0,0,2,51,18,0,0,33,97,36,0,0,61,0,0,0,0,0,,,,,,16,7,0,0,9,25,11,0,0,14,128,52,1,0,75,99,1,0,150,8,0,0,0,0,0,1,0,0,0,1,0,0,0,0,0,0,0,0,0,0,2,0,0,0,2,0,0,0,0,0,,,,,,1,0,0,0,1,4,2,0,0,2,2,1,0,0,1,3,0,0,5
01164901,Loyola Marymount University-Los Angeles,2024,980,233,0,141,57,5,47,483,481,,16,363,72,0,40,16,3,14,145,212,,6,616,161,0,101,41,2,33,338,268,,10,,,,,,,,,,,,,,,,,,,,,,,1,0,0,0,0,0,0,0,0,0,0,0,0,0,0,0,,,0,0,1,0,324,76,0,51,15,0,21,163,153,,8,0,0,0,0,15,0,0,36,3,0,0,12,22,0,0,54,50,0,0,113,0,0,0,0,,,,,10,0,0,11,4,0,0,4,79,1,0,73,133,1,0,190,301,0,0,0,0,0,45,9,0,0,36,16,7,0,0,9,67,22,0,0,45,145,42,0,0,103,4,2,0,0,2,,,,,,13,2,0,0,11,4,0,0,0,4,152,67,0,0,85,109,0,0,192,304,0,0,0,0,0,41,14,0,0,27,22,5,0,0,17,75,22,0,0,53,150,43,0,0,107,1,0,0,0,0,,,,,,11,1,0,0,10,2,1,0,0,1,152,61,0,0,91,105,0,0,199,51,0,0,0,0,0,4,2,0,0,2,4,1,0,0,3,15,6,0,0,9,25,10,0,0,15,0,1,0,0,0,,,,,,2,1,0,0,1,2,1,0,0,1,24,5,0,0,19,16,0,0,35
01193400,Vermont Law School,2024,557,81,5,16,35,0,19,156,354,,47,184,25,2,3,13,0,5,48,121,,15,358,53,3,13,21,0,14,104,226,,28,,,,,,,,,,,,,,,,,,,,,,,8,7,0,0,0,0,0,1,2,1,2,2,0,0,0,0,,,0,4,6,1,241,32,5,9,23,0,7,76,143,,22,2,0,0,3,1,0,0,8,10,0,0,13,9,1,0,22,25,1,0,50,0,0,0,0,,,,,3,0,0,4,5,0,0,17,51,4,0,88,81,5,0,155,164,0,0,0,0,0,6,2,0,0,4,7,2,0,1,4,25,7,1,1,16,43,11,1,2,29,0,0,0,0,0,,,,,,5,0,0,0,5,13,4,0,4,5,108,35,2,1,70,50,3,7,104,152,0,0,0,0,0,1,0,0,0,1,5,1,0,0,4,24,9,0,0,15,37,12,0,0,25,0,0,0,0,0,,,,,,7,2,0,0,5,12,6,0,0,6,103,35,0,0,68,53,0,0,99,0,0,0,0,0,0,0,0,0,0,0,0,0,0,0,0,0,0,0,0,0,0,0,0,0,0,0,0,0,0,0,,,,,,0,0,0,0,0,0,0,0,0,0,0,0,0,0,0,0,0,0,0
01262700,Thomas M. Cooley Law School,2024,420,20,2,13,49,0,64,148,252,,20,187,10,0,4,13,0,29,56,117,,14,233,10,2,9,36,0,35,92,135,,6,,,,,,,,,,,,,,,,,,,,,,,0,0,0,0,0,0,0,0,0,0,0,0,0,0,0,0,,,0,0,0,0,172,7,0,8,21,0,27,63,99,,10,0,0,0,0,2,0,0,6,4,0,0,17,2,0,0,5,19,0,0,44,0,0,0,0,,,,,11,0,0,16,8,0,0,2,41,0,0,58,68,0,0,104,124,1,0,0,0,1,2,1,0,0,1,18,5,0,0,13,5,3,0,0,2,47,21,0,0,26,0,0,0,0,0,,,,,,21,12,0,0,9,5,3,0,0,2,72,33,0,0,39,57,0,0,67,124,1,0,0,0,1,3,1,0,0,2,10,4,0,0,6,8,5,0,0,3,38,16,0,0,22,0,0,0,0,0,,,,,,16,6,0,0,10,5,3,0,0,2,81,43,0,0,38,62,0,0,62,0,0,0,0,0,0,0,0,0,0,0,0,0,0,0,0,0,0,0,0,0,0,0,0,0,0,0,0,0,0,0,,,,,,0,0,0,0,0,0,0,0,0,0,0,0,0,0,0,0,0,0,0
01310300,California Western School of Law,2024,650,227,2,47,21,1,30,328,302,,20,248,87,1,14,4,0,11,117,122,,9,397,138,1,32,17,1,19,208,178,,11,,,,,,,,,,,,,,,,,,,,,,,4,1,0,0,1,0,0,0,2,0,3,0,0,0,0,0,,,0,0,1,1,239,100,0,13,9,0,9,131,100,,8,0,0,0,0,3,0,0,10,2,0,0,7,27,1,0,72,36,1,0,94,0,0,0,0,,,,,4,0,0,5,3,0,0,5,44,0,1,55,83,1,1,154,214,1,0,0,0,1,18,5,1,0,12,6,1,0,0,5,65,32,1,0,32,102,41,2,0,59,1,0,0,0,1,,,,,,11,3,0,0,8,4,1,0,0,3,108,50,1,0,57,92,3,0,119,197,1,1,0,0,0,16,6,0,0,10,6,1,0,0,5,62,28,0,0,34,95,40,0,0,55,0,0,0,0,0,,,,,,10,4,0,0,6,8,5,0,0,3,94,28,0,0,66,73,0,0,124,0,0,0,0,0,0,0,0,0,0,0,0,0,0,0,0,0,0,0,0,0,0,0,0,0,0,0,0,0,0,0,,,,,,0,0,0,0,0,0,0,0,0,0,0,0,0,0,0,0,0,0,0
02053000,Liberty University,2024,300,25,0,7,17,0,17,66,225,,9,169,10,0,3,10,0,9,32,132,,5,131,15,0,4,7,0,8,34,93,,4,,,,,,,,,,,,,,,,,,,,,,,0,0,0,0,0,0,0,0,0,0,0,0,0,0,0,0,,,0,0,0,0,109,12,0,3,9,0,9,33,72,,4,0,0,0,0,1,0,0,2,5,0,0,4,5,0,0,7,17,0,0,16,0,0,0,0,,,,,6,0,0,3,1,0,0,3,41,0,0,31,59,0,0,50,89,0,0,0,0,0,3,2,0,0,1,4,3,0,0,1,8,1,0,0,7,19,7,0,0,12,0,0,0,0,0,,,,,,4,1,0,0,3,2,2,0,0,0,68,46,0,0,22,55,0,0,34,102,0,0,0,0,0,1,0,0,0,1,4,2,0,0,2,5,4,0,0,1,14,8,0,0,6,0,0,0,0,0,,,,,,4,2,0,0,2,3,2,0,0,1,85,45,0,0,40,55,0,0,47,0,0,0,0,0,0,0,0,0,0,0,0,0,0,0,0,0,0,0,0,0,0,0,0,0,0,0,0,0,0,0,,,,,,0,0,0,0,0,0,0,0,0,0,0,0,0,0,0,0,0,0,0
02179937,Western State College of Law,2024,353,123,1,52,11,4,6,197,148,,8,171,55,1,24,6,2,2,90,77,,4,180,68,0,28,5,2,4,107,69,,4,,,,,,,,,,,,,,,,,,,,,,,2,0,0,0,0,0,0,0,0,0,0,0,0,0,0,0,,,0,0,2,0,131,50,0,18,4,2,0,74,50,,7,0,0,0,0,8,0,0,10,1,0,0,3,22,0,0,28,32,0,0,42,1,0,0,1,,,,,0,0,0,0,4,0,0,3,28,1,0,21,64,1,0,66,112,0,0,0,0,0,20,8,0,0,12,4,3,0,0,1,37,20,0,0,17,65,33,0,0,32,0,0,0,0,0,,,,,,4,2,0,0,2,1,0,0,0,1,46,28,0,0,18,61,0,0,51,93,1,1,0,0,0,12,7,0,0,5,3,2,0,0,1,33,12,0,0,21,53,23,0,0,30,2,0,0,0,1,,,,,,2,0,0,0,2,0,0,0,0,0,40,16,1,0,23,39,1,0,53,17,0,0,0,0,0,2,1,0,0,1,0,0,0,0,0,3,1,0,0,2,5,2,0,0,3,0,1,0,0,0,,,,,,0,0,0,0,0,0,0,0,0,0,12,5,0,0,7,7,0,0,10
03091300,Regent University,2024,326,26,4,13,9,1,4,57,268,,1,147,11,1,5,2,1,2,22,124,,1,179,15,3,8,7,0,2,35,144,,0,,,,,,,,,,,,,,,,,,,,,,,0,0,0,0,0,0,0,0,0,0,0,0,0,0,0,0,,,0,0,0,0,120,15,3,3,2,1,1,25,94,,1,0,0,0,3,2,0,0,1,1,0,0,1,6,0,0,9,11,0,0,14,1,0,0,0,,,,,1,0,0,0,1,0,0,0,45,0,0,49,57,0,0,63,100,1,1,0,0,0,5,2,0,0,3,4,0,0,0,4,5,2,0,0,3,16,6,0,0,10,0,0,0,0,0,,,,,,1,1,0,0,0,0,0,0,0,0,84,33,0,0,51,39,0,0,61,103,0,0,0,0,0,5,1,0,0,4,3,1,0,0,2,6,3,0,0,3,16,5,0,0,11,0,0,0,0,0,,,,,,2,0,0,0,2,0,0,0,0,0,87,44,0,0,43,49,0,0,54,3,0,0,0,0,0,0,0,0,0,0,0,0,0,0,0,0,0,0,0,0,0,0,0,0,0,0,0,0,0,0,,,,,,0,0,0,0,0,0,0,0,0,0,3,2,0,0,1,2,0,0,1
03173300,"Atlanta's John Marshall Law School",2024,374,47,9,25,164,0,0,245,122,,7,122,12,2,5,38,0,0,57,61,,4,252,35,7,20,126,0,0,188,61,,3,,,,,,,,,,,,,,,,,,,,,,,0,0,0,0,0,0,0,0,0,0,0,0,0,0,0,0,,,0,0,0,0,135,22,3,4,73,0,0,102,33,,0,1,0,0,2,0,0,0,4,17,0,0,56,5,0,0,17,23,0,0,79,0,0,0,0,,,,,0,0,0,0,0,0,0,0,19,0,0,14,42,0,0,93,107,3,1,0,0,2,6,2,0,0,4,36,7,0,0,29,9,4,0,0,5,54,14,0,0,40,0,0,0,0,0,,,,,,0,0,0,0,0,4,2,0,0,2,49,27,0,0,22,43,0,0,64,103,3,0,0,0,3,11,2,0,0,9,41,10,0,0,31,14,3,0,0,11,69,15,0,0,54,0,0,0,0,0,,,,,,0,0,0,0,0,1,1,0,0,0,33,12,0,0,21,28,0,0,75,29,0,0,0,0,0,4,1,0,0,3,14,4,0,0,10,2,0,0,0,2,20,5,0,0,15,0,0,0,0,0,,,,,,0,0,0,0,0,2,1,0,0,1,7,3,0,0,4,9,0,0,20
03191300,City University of New York,2024,670,197,1,81,100,0,44,423,239,,8,186,58,1,15,30,0,13,117,66,,3,413,122,0,58,66,0,22,268,143,,2,,,,,,,,,,,,,,,,,,,,,,,60,11,0,0,5,3,3,1,15,2,29,9,0,0,6,3,,,2,1,29,1,220,71,0,19,33,0,11,134,82,,4,0,0,0,0,3,1,0,15,9,3,1,20,20,3,2,46,34,11,4,85,0,0,0,0,,,,,2,4,1,4,2,2,0,0,20,13,1,48,56,26,5,133,210,1,1,0,0,0,32,4,1,3,24,29,8,0,0,21,61,17,5,0,39,142,37,8,3,94,0,0,0,0,0,,,,,,19,7,2,0,10,2,0,0,1,1,66,20,5,0,41,57,13,4,136,204,0,0,0,0,0,26,5,3,0,18,30,10,0,0,20,52,16,5,0,31,121,34,8,2,77,0,0,0,0,0,,,,,,13,3,0,2,8,2,1,0,0,1,81,23,10,0,48,58,18,2,126,36,0,0,0,0,0,4,3,0,0,1,8,3,0,0,5,13,5,2,0,6,26,12,2,0,12,0,0,0,0,0,,,,,,1,1,0,0,0,0,0,0,0,0,10,3,1,0,6,15,3,0,18
03559300,Appalachian School of Law,2024,154,19,5,4,15,0,0,43,104,,7,74,8,3,1,8,0,0,20,51,,3,80,11,2,3,7,0,0,23,53,,4,,,,,,,,,,,,,,,,,,,,,,,0,0,0,0,0,0,0,0,0,0,0,0,0,0,0,0,,,0,0,0,0,62,9,1,3,8,0,0,21,39,,2,1,0,0,0,1,0,0,2,4,0,0,4,4,0,0,5,10,0,0,11,0,0,0,0,,,,,0,0,0,0,1,0,0,1,19,0,0,20,30,0,0,32,49,3,2,0,0,1,1,0,0,0,1,4,2,0,0,2,5,2,0,0,3,13,6,0,0,7,0,0,0,0,0,,,,,,0,0,0,0,0,3,1,0,0,2,33,19,0,0,14,26,0,0,23,43,1,0,0,0,1,0,0,0,0,0,3,2,0,0,1,5,2,0,0,3,9,4,0,0,5,0,0,0,0,0,,,,,,0,0,0,0,0,2,1,0,0,1,32,13,0,0,19,18,0,0,25,0,0,0,0,0,0,0,0,0,0,0,0,0,0,0,0,0,0,0,0,0,0,0,0,0,0,0,0,0,0,0,,,,,,0,0,0,0,0,0,0,0,0,0,0,0,0,0,0,0,0,0,0
03691400,Ave Maria School of Law,2024,300,63,4,9,6,1,0,83,203,,14,153,28,3,0,3,1,0,35,111,,7,146,35,1,9,3,0,0,48,92,,6,,,,,,,,,,,,,,,,,,,,,,,0,1,0,0,0,0,0,0,0,0,0,0,0,0,0,0,,,0,1,0,0,134,35,3,2,3,0,0,43,85,,6,3,0,0,0,0,0,0,2,1,0,0,2,17,0,0,18,21,0,0,22,0,0,0,0,,,,,0,0,0,0,3,0,0,3,43,0,0,42,67,0,0,67,80,0,0,0,0,0,2,0,0,0,2,0,0,0,0,0,17,8,0,0,9,20,9,0,0,11,1,1,0,0,0,,,,,,0,0,0,0,0,4,2,0,1,1,56,35,0,0,21,46,0,1,33,86,1,0,0,0,1,5,0,0,0,5,3,2,0,0,1,11,3,0,0,8,20,5,0,0,15,0,0,0,0,0,,,,,,0,0,0,0,0,4,2,0,0,2,62,33,0,0,29,40,0,0,46,0,0,0,0,0,0,0,0,0,0,0,0,0,0,0,0,0,0,0,0,0,0,0,0,0,0,0,0,0,0,0,,,,,,0,0,0,0,0,0,0,0,0,0,0,0,0,0,0,0,0,0,0
04096300,Charleston School of Law,2024,694,54,4,3,11,0,26,98,568,,28,209,16,2,1,1,0,7,27,176,,6,466,38,2,2,10,0,19,71,392,,3,,,,,,,,,,,,,,,,,,,,,,,0,19,0,0,0,0,0,0,0,0,0,0,0,0,0,0,,,0,19,0,0,250,23,0,1,5,0,5,34,209,,7,0,0,0,0,0,0,0,1,1,0,0,4,5,0,0,18,8,0,0,26,0,0,0,0,,,,,2,0,0,3,5,0,0,2,64,0,0,145,77,0,0,173,234,3,1,0,0,2,1,0,0,0,1,0,0,0,0,0,15,4,0,0,11,33,8,0,0,25,0,0,0,0,0,,,,,,14,3,0,0,11,11,1,0,9,1,190,51,0,0,139,60,0,9,165,210,1,1,0,0,0,1,1,0,0,0,6,0,0,0,6,16,7,0,0,9,31,11,0,0,20,0,0,0,0,0,,,,,,7,2,0,0,5,10,0,0,10,0,169,61,0,0,108,72,0,10,128,0,0,0,0,0,0,0,0,0,0,0,0,0,0,0,0,0,0,0,0,0,0,0,0,0,0,0,0,0,0,0,,,,,,0,0,0,0,0,0,0,0,0,0,0,0,0,0,0,0,0,0,0
04242101,UNT Dallas College Of Law,2024,435,125,5,26,37,0,12,205,220,,10,190,50,3,13,12,0,3,81,103,,6,239,71,2,13,24,0,9,119,116,,4,,,,,,,,,,,,,,,,,,,,,,,5,1,0,0,0,0,1,0,3,1,4,1,0,0,0,0,,,0,0,1,0,141,37,0,10,10,0,5,62,76,,3,0,0,0,0,5,0,0,5,4,1,0,5,14,3,0,20,23,4,0,35,0,0,0,0,,,,,0,0,0,5,2,0,0,1,37,1,0,38,62,5,0,74,134,2,0,0,0,2,7,1,0,0,6,11,3,0,0,8,35,15,0,1,19,57,20,0,1,36,0,0,0,0,0,,,,,,2,1,0,0,1,3,3,0,0,0,74,38,0,0,36,61,0,1,72,121,2,2,0,0,0,8,6,0,0,2,11,2,0,0,9,43,19,0,0,24,68,30,0,0,38,0,0,0,0,0,,,,,,4,1,0,0,3,3,1,0,0,2,50,18,0,0,32,49,0,0,72,39,1,1,0,0,0,1,1,0,0,0,5,3,0,0,2,10,2,0,0,8,18,8,0,0,10,0,0,0,0,0,,,,,,1,1,0,0,0,1,0,0,0,1,20,10,0,0,10,18,0,0,21